|CanTrx_Tarjetas|MonTrx_Tarjetas|SaldoCTS|SOW_SCO|CanTrx_TC|Can_Ingresos_Glomo|NroCtasAhorro|MaxLinTC|SaldoActivo_SSFF|Edad|SaldoAhorro|ME_TOTAL|Sueldo
0|95|14411.3|0.0|0.0|74|47|3|15000.0|412801.56|33|35437.14|23509.44|19042.28
1|1|700.0|3.81072|0.0|1|0|1|700.0|3648.78|51|502.03|2000.0|1500.0
2|3|872.11|61.4109|0.0|3|0|1|3000.0|13885.04|44|596.66|5257.47|2902.89
3|6|491.91|42225.43|0.0|5|16|3|97809.0|2292502.2|73|377102.49045|29987.697|15332.2
4|42|7355.93|887.01|0.0|27|0|4|45100.0|8573.38|37|108513.44804|68779.09|12214.02
5|156|6506.61|0.46|0.0|35|81|2|23553.0|24900.99|39|2565.94|23372.94|8146.56
6|7|1902.17|0.0|0.0|6|6|3|13500.0|2191.35|35|90587.30435|13753.694|9401.35
7|1|479.0|0.97|0.0|1|2|1|6900.0|1488.74|40|21.18|1421.58|1441.5
8|11|8875.87|3439.13|0.0|2|0|1|90000.0|37657.37|48|18187.53|13184.28|8662.09
9|18|1537.25|277.77|0.0|16|13|2|30000.0|7641.51|42|139945.1504|7474.304|5000.0
10|61|2782.58|0.0|0.0|28|4|2|88200.0|28584.82|43|23769.309|7063.573|23776.7
11|26|1301.66|0.0|0.0|13|28|2|20900.0|10151.91|35|1572.98|13691.832|10357.99
12|54|1275.32|1.92|0.0019|0|53|3|58201.2|1785176.6|47|1097.15|103546.33|13976.0
13|13|2054.96|0.0|0.0|1|10|2|51100.0|148278.17|53|84729.89824|9234.429|13000.0
14|33|9075.44|6170.80178|0.0|0|7|4|33300.0|10487.68|49|66958.02052|14825.23|1389.37
15|35|1666.56|0.0|0.0|18|4|1|1500.01|22007.63|36|2040.82|8746.42|4006.99
16|16|2569.28|0.0|0.3372|14|0|2|76500.0|17535.53|44|806.4495|27180.96|16232.21
17|73|3809.19|0.0|0.0|2|34|3|15000.0|13286.73|32|29086.2971|7017.9585|6403.53
18|25|2287.8|0.0|0.0|6|29|1|3100.0|3683.9|32|993.2|5745.89|3112.9
19|15|2093.4|0.0|0.0|3|116|1|7500.0|5752.82|47|2379.64|5975.78|6831.2
20|107|9368.81|1.15|0.0|95|9|3|25000.0|166142.98|24|12684.92|20317.668|23529.2
21|34|2994.85|0.0|0.0|30|5|1|6700.0|2968.71|33|166.86|4187.56|1851.36
22|2|16.0|0.95|0.0|0|18|1|3860.0|16625.79|41|1577.5|2139.59|2600.26
23|12|1095.85|10.42|0.0|0|12|1|18100.0|64306.76|40|287.72|2690.98|2618.1
24|12|2334.92|0.0|0.0|2|14|2|68300.0|174.9|65|3397.32|5298.02|8985.14
25|15|1836.73|1.02|0.0|9|0|2|4803.5|9234.0|44|21.58|4183.97|2651.2
26|31|7157.11|32034.332|0.0|14|53|3|52500.0|4080.98|49|159866.66256|9122.992|12411.09
27|2|69.89|4.49046|0.0|2|0|3|15400.0|188563.66|47|17057.74026|3207.11|3048.25
28|72|6010.26|0.04|0.0|6|63|1|47681.23|49913.54|25|602.06|12866.68|2169.1
29|6|1616.79|0.09|0.0|0|19|1|35300.0|18584.18|26|879.8|3532.79|3676.97
30|2|431.6|322.5839|0.0396|2|5|4|61801.0|624974.6|64|2786.27|3914.74|10347.74
31|25|2639.79|0.34|0.0|8|22|4|9040.51|187448.62|26|4147.66|6744.39|5799.57
32|23|1533.66|0.01|0.0|0|16|1|22500.0|10056.11|37|1662.15|2678.19|1299.15
33|30|2358.36|0.0|0.0|8|28|1|31000.0|3256.61|37|180.13|4866.92|7709.89
34|4|40.0|151.56|0.0|4|0|4|3500.0|10490.48|32|3265.9|2158.21|1490.22
35|53|1844.4|0.05|0.0|18|0|1|28826.8|17002.83|38|665.95|1791.0|3288.8
36|34|3679.12|128823.08|0.0|32|29|3|30000.0|0.0|39|99799.62326|19040.914|11051.03
37|4|364.4|0.05|1.0|0|14|1|27001.35|24129.38|38|742.86|4094.8|3639.23
38|10|852.0|0.62|0.0|0|16|2|5167.61|5966.58|32|913.08|2750.0|900.05
39|24|1467.18|5.55|0.0|0|16|3|7000.0|5100.19|34|2379.01|3193.56|3389.53
40|7|213.65|0.0|0.0|2|22|1|1000.0|7545.9|50|5923.64|14211.16|9200.0
41|61|2978.75|0.24|0.0|8|3|1|3700.0|2691.8|24|30.94|6502.25|5416.6
42|58|3135.84|0.0|0.0|21|8|3|20600.0|1851.35|23|52358.40586|4165.3315|6025.01
43|3|380.0|0.0|0.0|1|12|1|2183.0|12213.56|66|2416.09|7669.79|10056.08
44|53|3391.96|0.69|0.0|21|31|1|1400.0|790.93|35|201.85|5216.61|3951.12
45|42|3644.09|0.23|0.0|10|38|3|36300.0|3746.66|28|1037.43156|11279.913|11869.78
46|17|1748.6|0.0|0.0|8|3|1|28800.0|538.84|34|3274.73|2963.56|3751.73
47|21|882.57|16.22|0.991|21|10|5|13500.01|151594.58|37|18112.4424|4677.5435|6132.33
48|24|1918.27|0.02|0.0|3|22|2|21600.0|2817.3|28|3763.48|3203.91|4639.0
49|20|2839.89|1021.16|0.0|7|11|1|9200.0|13360.37|29|2750.14|4293.06|2197.36
50|99|5291.75|3.2|0.0|98|0|2|11000.0|19623.84|33|13888.46149|61064.133|14546.75
51|15|784.4|31.81|0.6116|0|3|2|0.0|9942.02|61|2141.96|3067.76|5451.03
52|39|2550.76|0.0|0.7918|2|69|3|39373.28|2033822.1|40|4563.448|13845.849|6977.89
53|83|14239.81|24389.47565|0.0|53|0|3|110000.0|57663.71|55|18044.9973|22288.664|26394.86
54|17|934.5|405.06|0.0|8|32|1|34700.0|23718.8|39|4.99|4415.35|6176.55
55|77|2543.31|0.0|0.0|68|30|2|59800.0|652150.75|50|2297.19494|12062.566|8096.18
56|55|1182.0|0.0|0.0|3|5|2|4000.0|762.68|26|906.63|1657.47|1300.0
57|37|1254.47|0.0|0.0|1|14|2|6600.0|4809.26|33|200.0|8640.25|5436.45
58|14|745.07|2889.2356|0.0|0|34|2|30000.0|205.26|65|91592.22|3902.97|4693.54
59|73|4998.15|0.0|0.0|47|2|3|112500.0|5772.59|36|47309.20168|12879.78|6741.11
60|13|675.15|552.84|0.0|0|24|1|300.0|197.1|25|559.17|1827.47|1566.44
61|18|1561.51|6.57|0.0|15|0|1|9000.0|6683.14|43|1879.4|7022.46|4862.42
62|18|2123.44|0.08|0.0|0|29|1|9200.0|4356.57|29|4593.97|5461.73|2679.24
63|13|3399.74|0.33|0.0|7|0|3|9900.0|36675.88|30|993.477|2857.65|1722.48
64|29|2199.5|8066.15304|0.0|29|26|3|30000.0|4302.67|53|1997.9876|12610.143|15139.92
65|30|6671.03|17381.38|0.0|27|0|3|13700.0|21408.25|68|6178.56416|4262.72|3888.7
66|120|3392.58|0.0|0.0|13|92|3|10000.0|5234.05|43|5516.9|42261.75|8126.59
67|23|897.62|0.0|0.0|4|4|1|6300.0|178767.66|36|692.48|3779.19|2289.73
68|72|7515.74|0.0|0.0|44|36|1|36000.0|566485.7|48|9524.49|12206.61|11525.81
69|1|100.0|7.19|0.0|0|22|1|1500.0|315.65|23|18.08|935.0|954.77
70|13|1414.43|1288.41|0.0|2|0|2|80000.0|88759.5|37|12395.6788|7703.31|9092.86
71|40|4385.22|0.0|0.0|5|3|6|28000.99|21395.71|35|4938.34|8000.17|3050.47
72|19|1111.16|0.81|0.0|4|84|2|5410.0|3435.84|43|1223.58|3400.79|1213.88
73|49|3949.96|0.0|0.9978|49|0|1|40000.01|980016.2|42|6201.86|9862.08|7569.31
74|7|1780.0|1.86|0.0|0|5|1|7200.0|27258.4|51|16274.94|6645.93|2794.31
75|4|828.41|0.0|0.0|1|20|2|31192.8|67930.52|38|527.948|618.75|10500.0
76|37|1151.86|0.0|0.6759|0|1|2|500.0|86388.44|46|3966.34|4117.27|3415.8
77|137|9513.4|0.0|0.6784|112|31|2|100000.0|381281.1|48|375.45521|19696.508|9463.36
78|1|1000.69|0.63|0.0|1|0|1|6900.0|22294.03|52|1752.91|3470.05|3100.0
79|62|3445.95|1.73|0.0|19|5|2|70000.0|710052.6|39|18898.08331|18874.5|21686.91
80|14|891.68|3.13|0.004|0|0|1|11047.63|11922.18|49|6.01|4879.07|3000.0
81|1|150.0|0.05|0.03|0|0|1|7100.0|39038.2|70|27.19|2630.0|1759.9
82|20|6619.18|8.91|0.0|13|56|1|32900.0|24141.43|32|1470.97|3473.35|3002.8
83|10|876.97|666.6|0.0|0|16|1|8700.0|2925.65|53|1909.36|2744.73|3647.28
84|41|4925.78|0.0|1.0|0|110|3|7948.49|6653.56|38|4777.84216|11788.636|8189.62
85|14|1363.3|4.59|0.0|2|10|2|1500.0|1058.24|47|118.58|1090.95|1627.21
86|15|1310.7|3.16|0.0|2|40|2|134170.0|1692070.2|35|25441.178|43119.527|41878.04
87|18|851.51|0.0|0.0|3|22|2|45200.0|144.0|36|1879.4|10533.11|2725.19
88|11|512.0|0.0|1.0|0|4|1|1000.0|49319.26|37|2660.71|2735.75|2528.89
89|25|1868.45|1.56|0.0|0|60|2|1500.0|1930.53|27|2961.2|3780.39|2890.14
90|22|776.26|0.04|0.0|0|96|1|35400.0|41519.0|40|841.87|5079.46|2071.37
91|107|7929.11|0.0|0.0|89|86|6|90000.0|42181.81|39|15859.43285|16017.128|12276.28
92|19|1491.4|6.99|0.0|0|27|1|2500.0|5316.52|49|113.19|41305.88|3593.61
93|27|3006.89|0.0|0.0|6|9|1|16000.0|59894.31|40|5949.78|10489.71|7981.67
94|19|874.81|0.04|0.0|14|0|2|13100.0|3667.95|32|1305.25|1925.19|2220.0
95|21|1306.78|0.0|0.0|2|65|1|4991.0|15620.01|42|0.49|6980.53|4472.44
96|47|6174.9|16.23|0.0|30|27|3|56800.0|62442.36|30|3889.62|8298.99|16682.66
97|7|351.64|0.03|0.5629|0|10|1|0.0|24172.08|49|2777.31|2198.03|3358.8
98|18|3976.83|136.21|0.0|0|10|2|90000.0|3616.24|43|4534.01|13126.54|4436.54
99|7|423.18|0.0|0.0|7|20|2|24700.0|11204.08|74|2584.4106|6424.54|4231.17
100|3|228.65|1.72|0.0|0|16|2|35000.0|553024.6|44|2955.59|5415.95|8893.34
101|34|28174.89|7.65|0.0|3|0|4|60000.0|786614.4|37|1598.84|47491.12|7425.72
102|41|4221.3|0.04|0.0|0|66|1|50.0|4927.03|49|3197.2|6810.13|4006.8
103|14|1648.79|0.0|0.02|0|5|2|6800.0|563704.6|63|715.8936|7883.6494|7780.0
104|3|167.08|0.0|0.0|1|8|2|42800.0|193276.6|47|5329.56776|5133.471|5152.16
105|42|100629.65|0.0|0.0|22|26|2|104505.0|1248185.2|56|8300.51|47133.26|34677.87
106|67|2501.65|16.4|0.0|0|24|2|1000.0|76268.0|34|12806.9788|6296.914|4951.56
107|13|822.19|0.0|0.9938|0|22|2|24563.22|441766.2|46|23953.72|4885.39|3022.93
108|20|1990.29|1288.93|0.0|1|0|2|49500.0|50200.83|47|39751.15072|5078.54|24653.04
109|11|2070.25|0.83|0.0|2|0|1|9700.0|3329.15|40|1580.18|2132.85|1714.54
110|22|881.36|9893.28|0.0|0|10|3|11900.0|782.02|32|22219.06|1648.06|6701.81
111|35|6120.14|10767.74|0.0|29|0|2|49000.0|570954.6|50|94327.79368|12429.726|30858.4
112|32|1862.28|0.0|0.0|1|7|3|29700.0|31993.9|29|12563.1268|6956.812|4606.88
113|12|2047.0|0.03|0.5705|0|3|3|0.0|25441.82|50|700.02|4524.0|3088.33
114|32|2108.12|10328.55|0.0|1|27|1|24100.0|82378.36|35|2091.22|5540.0|9199.48
115|5|391.86|3019.5|0.0|0|19|3|12100.0|16689.53|35|4662.52|6507.1|2046.36
116|17|2143.21|2162.98|0.0|0|47|3|300.0|657352.94|44|21425.65776|16211.436|11294.61
117|13|1982.69|0.0|0.0|10|4|1|4900.0|4422.17|61|11.03|6367.84|5590.27
118|14|1252.41|73429.61|0.0|10|14|6|41700.0|1246718.0|58|65128.40819|24395.22|6789.12
119|1|79.9|0.25|0.0|0|36|1|300.0|31903.72|48|4726.52|94.9|1025.0
120|9|1023.29|0.0|0.0|2|9|2|10000.0|64987.76|25|27473.6246|2476.24|6604.35
121|1|235.04|3.51184|0.0|1|12|3|33000.0|0.0|83|1387217.1218400002|54482.668|22557.37
122|62|3405.49|0.99|0.0|0|19|2|1700.0|71214.79|33|4466.99|9167.55|11810.11
123|64|7377.18|2.2|0.0|41|68|3|45400.0|116962.97|39|3841.95753|7361.453|8797.32
124|27|1418.89|0.0|0.0|27|41|1|30000.0|499843.0|35|15547.57|4373.89|8111.0
125|14|1118.0|0.05|0.0|0|31|1|10000.0|9825.15|48|79.84|3945.33|1341.61
126|19|1304.7|0.0|0.6796|0|6|3|1706.85|3266.33|30|186.86|3364.4|2297.39
127|2|635.87|4.05|0.8336|1|0|3|22800.0|259142.73|48|5620.31|6720.29|5806.62
128|63|2343.38|0.0|0.0|33|44|1|14400.0|246.3|34|2351.31|4056.81|5137.05
129|29|5408.88|5568.57|0.0|25|12|3|117500.0|130694.85|48|5490.57048|11888.39|10592.53
130|35|4732.71|32.22|0.0|31|18|2|30000.01|499313.97|29|359.57774|12500.456|9456.85
131|80|11187.42|1.4|0.9752|63|9|5|94700.0|1294914.6|60|2303.22733|82559.9|58051.4
132|4|847.84|2693.31|0.0|0|27|1|8400.0|11081.17|41|548.0|1585.84|999.0
133|20|500.33|0.04|0.0|15|11|3|3700.0|152.85|23|3362.37275|566.22473|1940.32
134|1|60.0|0.08|0.0|0|12|3|4300.0|17571.38|28|438.52|1845.63|2198.88
135|2|72.0|4090.74|0.0|0|20|1|9863.0|260.01|24|3153.27|2587.9|5215.33
136|67|9798.23|0.0|0.0|59|78|3|20000.0|7611.7|30|4045.89544|13491.59|5969.51
137|50|4679.3|0.0|0.0|9|14|4|17000.0|858760.56|33|84145.09722|11962.693|12880.0
138|11|2615.92|3.44|0.0|0|23|1|8400.0|32700.59|41|1643.04|5724.22|4337.45
139|4|142.71|4.54|0.0|4|0|1|4900.0|449.34|27|14210.61|1458.71|2564.44
140|13|1481.18|0.0|0.0|1|11|1|5000.0|398.0|29|225.94|3692.72|3704.47
141|31|7486.65|165643.47|0.9758|24|19|2|153000.0|1373831.8|36|433924.9624|16536.633|25864.24
142|35|3575.08|24.22|0.0|35|0|5|43500.0|3726.01|65|24017.419|22719.8|266365.0
143|20|3499.41|3760.74|0.0|0|9|2|3500.0|582701.75|45|16578.892|17224.41|15152.79
144|46|2725.39|580.01|0.0|2|10|4|51000.0|44360.44|47|53376.09135|12388.829|5530.05
145|10|1996.36|0.0|0.0158|10|29|3|126252.52|26734.56|77|29462.49392|12193.964|857.0
146|35|2082.71|0.0|0.0|27|35|1|7200.0|1896.32|32|39.64|3200.24|3182.21
147|4|1800.25|0.0|0.0|4|11|1|7000.0|6596.62|27|1145.94|2432.67|1147.02
148|18|1240.59|29852.05968|0.0|0|26|1|21200.0|329.21|60|12665.42|29608.34|8992.44
149|22|7261.22|3923.67424|0.0|21|0|3|22200.0|15448.35|32|28182.5|6820.42|3774.89
150|5|624.9|0.756|0.0|3|0|1|3000.0|2862.06|43|1203.76|1914.9|2781.42
151|14|1517.01|0.03|0.0|1|6|3|6000.0|4268.23|26|713.94|4627.34|3496.07
152|53|4383.49|0.0|0.9777|0|3|2|72000.0|1042337.25|45|16179.55|210931.1|16267.0
153|18|1811.62|0.02|0.0|10|0|1|9700.0|9254.5|29|1.69|2106.38|1702.59
154|16|1364.39|0.17|0.0|11|29|2|5800.0|4873.15|48|1365.73|2367.5|1878.5
155|6|311.2|0.0|0.8772|0|4|1|5000.0|31323.5|38|0.58|1686.3|2346.88
156|32|2618.61|0.43|0.989|0|12|3|9763.4|537.26|45|5079.74172|6977.32|3850.08
157|10|1024.71|283.7385|0.0|5|0|4|18501.0|54598.98|41|9247.0126|15420.883|9026.37
158|31|2529.75|0.0|0.0|1|17|1|21000.0|27042.43|30|2594.06|2521.71|2232.86
159|41|6161.76|4958.85|0.0|22|0|3|62600.0|57544.42|45|1309.5806|3386.72|2966.9
160|4|92.0|0.28|0.0|0|116|2|2200.0|21228.03|46|317.98|4172.0|4179.23
161|1|300.0|0.0|0.4008|0|4|1|13166.2|24638.26|36|1244.33|3039.3|1361.98
162|60|4069.56|0.0|0.0|58|9|2|19200.0|8210.95|29|9910.70482|10766.687|16048.1
163|13|1420.04|0.0|0.0|2|20|1|4800.0|10494.07|39|2553.94|4323.1|6225.78
164|58|3798.63|2.40175|0.0|17|0|2|5500.0|17003.34|32|162.48035|6735.05|3036.75
165|30|1247.72|1.85|0.0|0|16|2|12200.0|4751.55|36|1838.3|2973.38|2519.84
166|8|475.1|164.72696|0.0|0|3|2|52700.0|54380.21|61|3629.06|5006.77|3599.2
167|13|215.2|0.05|0.0|0|3|1|3500.0|35682.78|31|768.0|1359.2|827.8
168|20|1042.81|0.07|0.0|4|71|2|5373.0|10642.08|24|0.05|2062.14|1766.0
169|1|34.9|2602.37692|0.0|0|6|3|90050.0|5.12|65|84786.42652|15829.85|8048.85
170|9|1032.69|1.27|0.0|9|13|2|21100.0|187.7|33|1731.85146|40.0|9100.05
171|33|3923.54|0.0|0.0|26|10|3|92516.82|565396.6|38|13848.91|15067.408|3220.0
172|30|1693.92|0.0|0.0|4|29|3|10568.86|21798.6|37|6129.211|5810.5684|2728.72
173|12|2729.88|0.0|0.0|7|33|4|90000.0|752545.9|39|31983.1142|14301.557|7509.81
174|41|3269.1|1008.56|0.0|19|13|2|19000.0|6406.19|31|3703.85|4119.43|4765.95
175|21|2088.18|0.59|0.0|2|24|1|4800.0|11239.66|44|3394.21|8519.42|5273.08
176|7|333.27|9.44|0.0|5|5|1|7600.0|13413.92|59|672.59|2903.49|1752.18
177|48|2529.19|0.0|1.0|0|41|3|44340.0|46823.66|46|3140.7|9345.77|6205.15
178|52|2537.43|0.93|0.0|9|0|2|7761.0|104484.8|39|1379.84011|7507.7905|3332.63
179|13|2102.99|0.08|0.0|3|0|2|2900.0|6775.44|29|531.63|2284.0|2142.29
180|44|1623.7|0.06|0.0|21|3|2|1200.0|352645.78|34|491.78|1449.35|2929.02
181|110|16577.01|4.16|0.9871|90|0|4|56000.0|3694247.8|42|702572.08852|1042357.75|19043.65
182|93|3382.16|0.02|0.0|0|8|3|1512.82|2492.82|36|3203.61|6310.99|5611.69
183|35|4619.35|17337.32072|0.0|2|0|2|80000.0|20088.81|49|573.69|11435.92|7079.55
184|31|7074.94|20.02|0.0|0|8|4|26600.0|8021.96|41|98500.0|11671.7|6962.07
185|117|4935.74|0.0|0.0|2|56|2|14000.0|46946.74|32|23530.44|11185.322|15134.1
186|2|185.0|0.03|0.0|1|21|1|3600.0|2837.26|26|2383.0|2441.64|2207.5
187|17|1225.73|1.14|0.0|2|73|1|5822.0|6486.46|64|2774.16|9956.2|1849.75
188|34|1344.2|0.0|0.0|5|134|4|12300.0|101370.77|33|3522.58|8029.38|2262.0
189|11|1847.77|0.8|0.0|3|35|1|5249.0|26049.28|30|169.58|3277.5|2969.74
190|40|2519.96|0.02|0.0|16|51|1|6500.0|48080.31|34|134.31|4274.12|903.64
191|40|6105.76|599.75|0.0|39|0|2|168792.22|2170965.0|59|3217.33985|41080.125|891.76
192|8|1188.3|0.03|0.0|0|28|1|3000.0|4237.71|28|757.35|3295.85|4142.29
193|1|279.75|0.2|0.2994|0|0|1|3700.0|32944.97|46|4.32|2659.1|17523.5
194|44|1180.98|99.72|0.0|15|0|2|11853.0|76833.79|33|2024.33|3593.29|3791.08
195|32|783.4|0.01|0.0|0|8|1|700.0|1345.33|24|569.49|1097.32|1121.11
196|42|3128.65|26.38|0.0|0|24|2|1900.0|110535.9|47|54034.86|27394.63|6928.38
197|20|3503.95|0.0|0.0|1|22|1|5400.0|16962.13|27|390.35|2252.65|2948.2
198|29|1584.53|3.89|0.0|11|5|2|12000.0|778.07|27|1673.54|3292.96|1601.33
199|3|270.27|0.14|0.0|0|6|2|6000.0|686.6|33|1816.06|2690.39|2656.8
200|39|2486.55|0.03|0.0|2|58|3|900.0|3083.01|26|1289.35|4762.91|2721.79
201|16|1265.83|0.0|0.695|10|0|1|24700.0|25569.3|50|981.16|3946.74|3448.91
202|3|607.62|0.07|0.0|0|17|3|1088.4|4822.22|29|725.78|4683.1|4854.63
203|7|1454.74|807.61|0.0|0|28|3|31100.0|1938.98|43|5307.29|3792.76|2307.6
204|16|1542.2|301.55|0.0|0|3|1|9100.0|2693.05|40|2072.81|2358.95|2694.88
205|64|5212.17|0.0|0.0|56|18|3|43500.0|12116.93|30|363.03168|4715.55|3276.73
206|15|590.7|0.33|0.0|1|20|3|5200.0|2548.25|29|146.56|3034.27|1303.51
207|10|786.3|4411.05178|0.0|6|0|3|15000.0|1053.08|64|63628.08132|1754.7393|4507.27
208|23|972.1|0.0|0.0|1|45|1|30100.0|5689.44|33|110.93|3363.55|2998.06
209|10|876.98|90978.55|0.4727|0|11|4|8000.0|1147305.5|48|631997.46535|13934.887|10111.05
210|20|1313.35|0.0|0.0|16|13|2|13300.0|5874.17|31|602.87|3324.31|2154.05
211|12|1416.73|12312.41726|0.0171|0|0|3|25000.0|2325.87|65|25374.0366|7579.39|17379.05
212|32|2024.12|0.13|0.0|32|36|2|18400.01|972.65|26|4147.479|7573.3857|3020.5
213|15|1222.3|0.3|0.8032|0|0|1|2400.0|11688.94|24|424.01|1757.03|1221.54
214|29|3793.59|4.42|0.0|1|72|1|50792.0|239513.42|38|9335.96|18154.79|29960.89
215|10|312.7|0.37|0.0|0|13|2|2593.0|31943.59|30|549.07|2466.12|1233.92
216|41|2221.97|0.0|0.0|39|12|1|20000.0|45875.2|32|1850.63|2740.37|3577.79
217|28|5507.26|0.0|0.9852|27|5|2|19900.0|670924.44|33|7945.8447|10203.603|6038.8
218|33|1634.77|2.8785|0.0|4|57|3|42608.0|61491.84|34|1812.84|7835.49|1367.98
219|31|1591.04|1667.32|0.0|0|24|3|28401.24|376.43|39|17486.76|4035.59|2442.45
220|11|1303.0|0.02|0.0|0|10|1|1900.0|2240.37|26|1610.81|1353.0|1800.0
221|28|1176.7|9023.26|0.0|0|21|2|30600.0|2320.33|27|8263.49|5267.3|4020.98
222|16|1718.87|4977.9332|0.0|15|0|3|41500.0|23037.02|57|10940.30755|5395.07|3041.95
223|33|4876.75|0.0|0.959|8|0|2|15000.0|192751.86|35|5615.81168|5744.23|5754.85
224|4|703.09|134.18152|0.0|0|11|4|500.0|29.97|53|52470.42|8058.83|12584.99
225|3|44.2|0.0|0.0|3|10|3|21400.0|9404.36|58|2145.2378|3716.117|2679.35
226|76|3950.22|0.06|0.0|51|16|1|50300.0|52898.43|29|146.57|3913.0|38506.65
227|23|6458.18|0.2268|0.0|4|28|6|20000.0|733310.8|48|5647.635|35673.64|7488.95
228|53|8836.06|969.14943|0.0|17|45|6|173611.4|166616.05|61|76342.56577|25295.203|18899.6
229|23|1756.9|0.0|0.0|9|84|2|8400.0|22380.46|24|185.85|2860.03|5133.94
230|69|3220.51|0.0|0.0|41|7|2|64400.01|777904.56|55|9622.45|14709.43|21344.31
231|22|1806.14|0.08|0.0|19|6|1|6000.0|112020.62|45|6.94|6728.09|5505.86
232|22|829.68|0.0|0.1193|9|10|4|50257.25|14408.99|34|14152.3601|3658.56|2584.64
233|28|2002.43|0.0|0.0|18|11|4|43000.0|4970.76|72|12887.89386|88667.26|5581.4
234|2|844.27|130.39|0.0|0|53|1|2700.0|127.9|30|17.8|2102.37|2150.0
235|22|1193.12|0.0|0.0|22|128|1|90700.0|443486.9|62|2800.44|61601.59|22454.75
236|55|2558.1|0.0|0.0|7|31|1|4000.0|3861.97|32|4015.33|6096.37|4000.0
237|18|1207.05|4211.89796|0.0|0|18|4|16300.0|1363702.6|64|838.9154|5310.06|5595.91
238|16|769.83|0.0|0.0|16|38|1|4100.0|2241.0|39|0.37|2115.63|2369.99
239|47|7212.98|0.0|0.0|15|39|2|26000.0|25424.71|55|4964.22|35414.38|3270.05
240|72|3501.5|0.0|0.0|71|3|2|92500.0|27906.99|33|1840.43264|6558.414|4718.48
241|24|3336.0|62591.61|0.0|23|25|2|36800.01|434625.53|54|40528.50085|33171.062|891.75
242|17|2247.8|0.03|0.0|1|0|2|2000.0|1403.28|38|2520.5|6688.87|4780.57
243|10|313.4|0.16|0.0|0|76|1|6199.95|9236.68|34|900.0|2831.96|3001.44
244|75|8295.42|0.11|0.0|0|66|1|586.0|23701.69|42|1270.58|13802.72|2650.67
245|10|260.03|0.24|0.0|0|22|2|2000.0|5143.57|69|1100.95|3704.63|3709.34
246|30|732.39|0.04|0.0|2|0|2|15500.0|10180.78|31|3817.71|2804.89|3520.15
247|49|13943.99|18.35|0.0|48|0|2|112000.0|817693.7|53|1668.0|29795.729|9929.5
248|26|4284.0|0.14432|0.8911|0|3|2|2045.0|112211.37|45|21721.8316|11003.9|13086.65
249|2|300.0|0.0|0.0|2|1|2|3100.0|3657.93|27|1413.27|1338.73|2009.53
250|6|538.79|0.0|0.0|6|17|3|22726.78|34002.24|26|4694.19|6406.45|4451.34
251|33|9606.62|0.0|0.0|22|56|1|9500.0|8421.85|27|230.71|5949.76|2721.21
252|41|765.8|1415.72|0.0|0|5|1|23100.0|1716.33|37|6538.91|2682.79|1993.23
253|1|96.6|2.59|0.0|1|0|6|130000.0|849100.56|54|43105.82085|1623431.0|4210.53
254|48|1506.5|0.56|0.0|0|40|1|700.0|156674.44|37|4921.16|6295.17|4781.94
255|3|638.8|0.0|0.2411|3|0|3|48099.0|11953.38|55|43589.47355|3703.14|3789.06
256|26|9566.74|0.0|0.0|4|23|2|24000.0|12838.96|37|1746.11104|8342.117|3593.65
257|52|2349.43|0.35|0.0|36|30|2|49200.0|39244.09|30|2709.4888|7991.618|3621.85
258|14|2669.1|0.25|0.0|4|28|1|43000.0|124628.89|31|2188.31|7006.68|5233.62
259|42|9972.15|69110.31|0.0|1|5|6|64668.0|4297269.5|56|45079.6842|38285.35|11963.47
260|1|60.0|6.83|0.0|0|18|1|2200.0|362.65|29|8.99|1294.9|1318.95
261|15|1619.0|0.03|0.0|0|9|2|1.0|1416.55|40|1374.75|2746.89|2263.28
262|15|955.27|0.84|0.0|6|0|1|15500.0|3651.88|46|16.37|1237.34|5605.56
263|1|150.4|0.0|0.0|1|6|2|2600.0|708.1|23|787.89|119.9|993.36
264|9|2279.53|440.58|0.0|0|12|1|400.0|9447.96|44|1053.05|2494.48|1048.21
265|18|2430.89|9110.4228|0.0|11|12|2|38600.0|20442.95|59|1507.26|4950.84|3788.91
266|2|22.0|0.69|0.0|0|13|2|9200.0|14151.87|26|153.5|3800.5|3267.88
267|61|3055.12|0.81|0.0|3|16|2|1875.55|3470.69|32|1129.76|4816.75|7424.54
268|29|1570.66|0.0|0.1117|6|26|1|28300.0|19315.84|42|1094.58|4370.97|3380.28
269|7|6542.9|0.0|0.0|3|6|1|90000.0|93182.51|35|46046.03|20532.92|51406.12
270|35|2608.31|131.36|0.0|9|41|2|84200.0|3440459.8|55|55628.96762|25876.324|12172.19
271|33|4213.12|0.5|0.0|28|17|4|79900.0|45600.08|38|18752.25278|7044.881|2207.43
272|5|804.96|0.16|0.0|0|12|1|1600.0|777.36|48|871.6|3016.01|1273.97
273|13|4205.14|30396.53782|0.265|0|0|1|35000.0|361799.12|51|5699.68|6180.69|9139.89
274|7|1355.34|0.0|0.0|3|5|2|11900.0|23283.6|38|2.77|4296.52|3744.4
275|20|1682.59|0.06|0.0|0|26|1|9510.0|7237.92|36|1794.4|5069.0|3830.16
276|32|4098.96|0.0|0.0|32|5|1|67650.0|750377.6|35|16636.14|20574.59|5572.3
277|34|1631.49|1.28|0.0|18|10|1|10000.01|2672.99|34|316.35|2761.52|2868.52
278|53|2984.97|1565.17|0.0478|0|7|3|500.0|391134.53|38|3708.3132|5611.594|5055.85
279|5|113.6|0.03|0.0|5|19|1|1500.0|7443.49|46|1241.91|0.05|1238.32
280|12|435.91|0.21|0.0|0|28|1|1500.0|300.0|49|549.64|4871.16|2215.94
281|29|6743.94|3490.05773|0.0|15|0|5|61250.0|5970.96|63|11202.91108|24299.812|25857.37
282|49|2260.55|0.0|0.0|19|64|1|12600.0|12541.98|36|2627.65|5012.64|3723.65
283|18|991.43|0.45|0.0|13|12|1|17700.0|1178.11|25|6688.68|2659.92|3492.91
284|14|1126.65|0.06|0.5865|0|25|1|524.69|609.54|38|355.1|1854.45|2421.82
285|8|2196.42|0.0|0.0789|3|11|5|50800.0|177002.77|60|3739.96272|22498.39|12236.0
286|23|1320.38|472.36|0.0|7|11|2|2829.0|5488.83|31|1502.18|3520.73|2157.87
287|59|2460.02|0.0|0.0|1|15|2|27072.33|66593.23|35|5335.02|6589.61|9395.87
288|9|1032.9|3.51|0.0|0|10|1|1300.0|12276.45|36|5840.72|4445.52|8301.9
289|44|2559.65|400.0|0.0|0|4|1|41279.82|25600.44|27|2050.28|3188.46|1700.64
290|23|2336.51|0.0|0.0|2|16|1|10000.0|12854.16|48|2604.44|9733.62|6277.83
291|53|4533.78|16.1404|0.0|53|0|4|100000.01|3416875.2|49|698.13288|18504.326|15343.28
292|61|6741.81|0.0|0.0|22|46|2|13900.0|25798.71|31|978.86|10003.18|9763.48
293|46|3944.1|0.0|0.0|2|10|3|13500.0|3205.22|26|1200.4|5456.79|2228.95
294|2|208.5|296.16|0.0|0|3|1|30406.46|32374.45|41|1057.07|9641.0|2889.76
295|5|1078.67|0.01|0.0|1|47|3|630.0|2712.71|31|3.24|1494.56|1422.08
296|4|815.32|0.0|0.0|2|9|1|15000.0|942.8|60|1945.91|7111.85|2691.49
297|82|3423.53|0.0|0.0|55|31|4|11800.01|29906.23|28|4397.91|4800.399|6945.71
298|13|3153.8|9.82885|0.9276|0|8|1|32800.0|23748.52|60|4543.02|16258.97|11141.46
299|1|2.74|0.2|0.0|1|18|3|3000.0|4044.98|33|637.92|18047.47|17165.45
300|2|71.8|0.22|0.0|0|12|1|3782.42|6131.01|40|14.52|1651.8|1541.97
301|2|148.72|0.03|0.0|0|3|4|1100.0|232373.27|43|4117.66595|2818.82|3423.37
302|34|1201.45|0.0|0.0|34|50|2|25000.0|9891.67|47|51238.6272|11663.64|3422.36
303|24|5364.89|19749.01904|0.0|12|0|3|56802.4|2690.2|62|7718.8748|16546.1|20630.69
304|1|35.0|1.11|0.9105|1|0|1|2400.0|18050.99|39|184.69|1130.0|1730.88
305|3|3954.74|0.0|0.002|3|0|3|4626.39|9773.46|45|222.53|920.0|1019.88
306|3|571.27|0.0378|0.0|3|15|2|12100.0|12766.46|37|0.0|603.1285|2351.92
307|10|325.9|0.79|0.0|5|2|1|1000.0|14288.02|35|372.87|3376.54|1081.29
308|5|185.7|0.0|0.0|5|16|2|50000.0|1284181.9|47|6286.5|8530.86|10195.58
309|11|560.6|0.0|0.027|11|103|2|14352.0|16838.33|42|877.74|427.73|1441.5
310|8|532.08|0.0|0.0689|7|0|5|23200.0|28990.85|50|6975.5952|3685.464|3717.53
311|35|2844.62|0.03|0.0|27|0|2|6768.0|10463.23|25|1096.03064|5526.442|3646.73
312|9|200.2|0.09|0.0181|0|14|1|5580.82|212278.28|32|4034.6|1212.63|2033.96
313|1|20.0|0.0|0.0|1|4|3|2309.0|27181.32|40|22.73|3151.14|3173.76
314|12|1150.97|405.71|0.0|0|18|2|38802.0|65204.12|27|2873.24|147392.77|1200.0
315|13|1090.03|0.02|0.0|13|7|1|1600.01|2086.91|22|0.0|5556.77|3326.4
316|2|252.48|4591.64|0.0|2|19|2|30000.0|452098.12|47|2090.17|3351.72|2086.86
317|28|4497.04|0.0|0.0|13|7|4|40000.0|986390.3|60|26953.1374|47797.395|10416.16
318|16|2868.93|8.82|0.4577|5|21|2|20000.0|232742.3|40|3148.99|45805.324|14867.37
319|19|1421.16|76.82|0.077|12|0|1|11352.0|15266.8|27|48.3|3013.69|1958.8
320|2|80.0|0.02|0.338|0|0|2|32800.0|29963.8|55|9.42|2515.0|2417.08
321|42|17296.27|3120.25|0.0|39|0|2|68600.0|220699.19|48|13839.3309|1974.5621|30888.87
322|34|3688.35|1.07|0.0|15|27|4|9000.0|10965.51|30|460.51|4582.13|3812.2
323|22|910.91|0.0|0.0|18|34|2|4700.0|4316.22|27|1641.99|1857.49|2200.0
324|19|1658.45|0.0|0.0|6|5|1|16000.0|6226.87|30|477.59|2264.56|1090.06
325|8|1019.12|33490.02704|0.0|0|5|4|4300.0|23.98|54|20577.53|6788.97|10541.3
326|43|1670.7|0.04|0.0|0|59|2|3510.25|6396.58|30|1936.41|2336.8|3216.84
327|24|1083.49|1592.6|0.0|5|5|1|25100.0|3343.26|36|568.84|1952.69|4722.25
328|6|983.91|2196.56|1.0|0|10|1|0.0|14647.57|45|2525.55|7338.91|7807.79
329|10|897.8|470.88422|0.0|10|58|3|42000.0|1299017.5|55|36411.76104|10988.152|5618.53
330|6|505.1|0.04|0.0|0|40|1|700.0|13309.23|40|849.79|1590.53|1168.92
331|88|3695.27|9.54|0.0|0|17|1|3500.0|3368.24|44|5490.6|5657.96|3205.32
332|31|2918.32|0.03|0.0|29|11|1|14400.0|7321.56|32|1483.87|3010.7|1378.9
333|50|2514.95|1.59|0.0|10|17|2|47300.0|65907.44|32|7038.5|4812.4|4429.39
334|25|2181.0|2010.08|0.0|0|23|1|10700.0|49124.01|50|865.17|9765.37|4565.45
335|20|1245.7|0.0|0.0|3|36|2|26300.0|12763.84|26|1460.46|3433.35|1422.12
336|4|1550.95|292.47|0.0|1|5|1|14600.0|1080.85|44|834.45|451.95|1280.99
337|26|2593.09|0.0|0.0|14|71|3|27374.0|29948.56|52|540.92|8885.82|4101.6
338|32|4646.89|0.0|0.0|18|13|3|31800.0|1603.85|32|14529.78985|3874.6924|6605.16
339|1|350.0|0.0|0.86|1|0|3|17700.0|2499.6|45|4784.67|4202.38|2288.33
340|22|10381.47|0.0|0.9336|22|5|2|56386.66|2665686.2|30|5.1804|11321.428|7686.0
341|8|1014.24|0.03|0.0|7|27|1|14200.0|10498.44|64|1296.78|2101.26|1107.39
342|1|234.89|0.69|0.9923|0|0|1|8000.0|190461.06|48|6587.91|3076.41|1338.52
343|40|3742.3|0.0|0.0|2|4|1|1146.0|2395.42|37|251.65|6011.63|1559.83
344|18|1995.3|0.0|0.3845|0|57|2|26259.51|19700.58|31|513.03|4492.28|1766.0
345|37|2843.02|14685.24464|0.0|0|3|3|65246.0|600617.94|49|132938.6932|38248.508|14999.33
346|8|947.34|2.22|0.0321|0|0|1|8126.13|33164.27|32|2820.09|1765.04|2821.12
347|18|1358.6|0.01|0.0|0|33|1|5656.99|13420.19|27|457.05|2165.1|2014.11
348|10|1315.1|0.0|0.0|1|28|1|40637.0|107739.21|61|5183.04|15309.58|4965.84
349|21|1001.16|0.33|0.0|1|0|1|1900.0|1434.02|28|1041.95|2060.41|9371.02
350|59|4348.73|3.39|0.0|0|28|1|2600.0|97482.44|33|51365.89|17185.81|35519.46
351|9|2080.0|0.28|0.0|0|7|2|48600.96|688178.8|33|8367.97|21017.56|5490.53
352|38|861.85|0.69|0.0|2|19|1|15001.0|1545.81|27|1583.86|2067.23|3085.05
353|6|2985.5|0.04|0.0|0|18|2|15700.0|233.44|43|12329.43|5759.5|4800.7
354|14|1263.1|0.1|0.0|12|17|1|15300.0|8134.6|31|45.31|3539.41|5954.2
355|10|1572.0|41.60024|0.0|4|23|2|27500.0|38610.01|51|6423.11856|8304.119|12487.51
356|42|2767.12|2.93|0.0|5|7|3|90000.0|127205.7|38|409369.92936|10163.28|8881.64
357|33|1571.51|0.02|0.0|3|9|1|1900.0|1570.45|37|667.52|2348.24|2403.63
358|46|5237.83|1.32|0.0|6|26|3|2200.0|270026.22|30|13468.17|17893.105|14849.86
359|20|817.5|1240.0|0.0|0|3|1|2500.0|202.8|35|34.19|1137.3|993.17
360|1|880.0|0.64|0.0|1|0|3|1900.0|1899.02|35|717.09|1923.45|1651.32
361|4|1321.04|0.03|0.0|3|0|3|5800.0|1947.97|34|569.97|1410.99|2434.0
362|20|1041.12|0.0|0.0|13|26|1|11600.0|6817.27|38|469.26|2961.13|1098.82
363|86|12108.52|69079.55|0.0|26|8|3|100000.0|3839767.2|52|979195.5017|22330.96|49641.98
364|3|315.0|0.26|0.0|0|32|2|30000.0|129794.34|43|1677.72|1025.85|6935.2
365|9|2130.6|0.0|0.0|2|28|1|39400.0|8064.66|30|2197.77|6148.55|2280.0
366|1|400.0|4.95|0.0|0|146|1|19500.0|23432.09|33|6439.82|5485.25|6440.0
367|26|2703.18|6211.02528|0.8548|0|24|2|24750.0|148278.48|54|2576.34|9713.49|12263.68
368|33|6992.94|39.52|0.0|0|15|3|11896.0|6309.29|39|13339.33545|7761.639|1687.3
369|8|400.88|0.0|1.0|0|20|1|3608.0|1673.0|42|195.34|574.68|2132.59
370|27|1051.29|0.0|0.0|9|29|3|6000.0|7991.64|45|3069.1|2215.61|3907.71
371|37|4458.42|0.0|0.0013|16|0|3|72560.0|513140.53|54|11342.89|10244.0|10981.28
372|44|2478.66|0.0|0.0|2|33|2|2300.0|548.8|37|5908.67|6221.62|8536.88
373|9|287.4|0.0|0.0|9|6|4|15000.0|94.91|39|15350.68|562.5|832.27
374|37|42336.31|0.05|0.0|12|29|1|23300.0|29186.48|30|34.32|23901.2|5914.8
375|113|29592.83|14273.21|0.0|3|35|4|16000.0|4504360.0|41|31711.24616|125266.04|15000.0
376|4|419.49|2.51|0.0|1|12|1|22549.14|65658.46|49|169.13|10650.1|5380.0
377|1|11.73|0.0|0.5735|1|0|1|66700.0|80056.12|72|4449.13|5341.57|545.0
378|2|26.0|0.39|0.0|0|3|1|63000.0|94981.2|47|4404.09|9620.82|4243.99
379|33|7318.29|1.81|0.0|0|32|3|30000.0|1292.55|43|5812.79432|11526.52|8762.24
380|106|18752.5|0.43|0.0|103|19|2|35000.0|44394.17|32|6211.22816|16828.53|8948.71
381|81|7177.54|0.16|0.0|21|41|3|11000.0|361.54|32|6825.26|7672.1|3895.07
382|5|153.9|0.06|0.0|1|5|1|2200.0|0.0|36|504.63|1121.8|1196.0
383|7|801.82|0.0|0.1718|5|59|4|33000.0|145560.3|82|358.29|3246.58|3748.0
384|6|454.87|0.0|0.6347|0|18|2|53495.65|24955.83|67|17633.8932|15601.145|9106.95
385|9|1630.0|0.05|0.0|0|4|1|1200.0|10156.42|26|10005.22|6288.9|9361.69
386|7|437.4|0.58|0.0|7|0|2|2400.0|1606.94|35|450.43|1451.51|974.95
387|4|472.0|0.61|0.0|0|30|2|1000.0|3906.33|30|1000.57|3034.37|1193.43
388|24|1684.92|4.37|0.0|0|1|3|563.76|12543.08|34|742.0|2686.52|3679.53
389|8|2718.23|0.06|0.0|0|26|1|1900.0|27163.4|31|235.14|14578.23|14598.28
390|32|1382.6|6.62|0.0|26|0|4|7000.0|28412.49|54|49.33|4389.93|100.0
391|20|1744.55|1160.04|0.0|2|8|2|7000.0|1273.34|37|1663.1|1782.3|1041.75
392|56|4530.47|0.0|0.0|19|48|2|26600.0|71212.87|32|5405.88126|8771.651|7724.5
393|55|2751.92|0.03|0.0|13|73|1|1600.0|1339.11|28|162.52|7198.6294|2424.95
394|17|255.08|0.02|0.0|2|10|1|1783.03|2349.05|32|285.99|2402.27|2289.81
395|26|2017.2|3770.15|0.0|1|15|2|49500.0|337.75|47|38261.27558|3496.01|3476.2
396|11|895.66|0.0|0.0|3|14|1|10000.0|867322.0|46|15578.44|23316.56|13642.62
397|23|1178.7|5.6|0.0|3|0|1|8700.0|895.05|38|1312.35|2884.3|3335.33
398|1|59.11|0.03|0.0|0|3|1|3900.0|20669.97|40|1534.56|59.11|2084.41
399|35|3654.41|0.14|0.0|23|34|1|90000.0|31310.8|46|1857.74|10330.17|5199.33
400|105|2029.55|0.91|0.0|4|86|2|2200.0|2734.44|35|1251.64|3871.37|1985.01
401|15|1188.2|0.0|0.71|0|15|1|1100.0|3136.95|28|120.76|2890.6|1671.22
402|48|3076.08|325.77|0.0|15|6|1|30475.2|73304.64|32|770.56|15376.61|3822.34
403|50|1630.68|4.99|0.0|6|0|2|2500.0|469079.03|43|1359.99|9839.01|5720.29
404|14|5546.33|0.0|0.0|8|12|1|27900.0|20416.99|69|2359.11|5845.85|2729.96
405|20|3025.72|0.0|0.5192|14|0|3|53942.77|1043483.25|42|2964.69015|8127.05|5774.78
406|14|610.55|0.03|0.0|2|0|1|28701.0|29103.79|37|5.64|1905.0|2118.28
407|59|5186.46|0.0|0.0|59|13|2|118700.0|92721.14|38|12687.21|12857.26|6389.92
408|6|935.46|4.43|0.0|0|4|2|9200.0|8210.12|27|1860.07|3789.15|3081.4
409|50|3925.11|0.19|0.0|23|0|3|39100.0|27428.07|35|3758.3|14643.348|6697.67
410|115|17221.35|10.85|0.0|101|6|3|90000.01|19803.29|41|79144.09525|28023.35|22090.5
411|41|2951.9|1898.3|0.0|0|11|4|300.0|9449.08|42|5821.51736|3987.39|2159.68
412|48|4241.43|38.93|0.0|13|5|4|30000.0|1173816.0|42|14412.07281|15354.976|20486.83
413|26|1362.2|2788.03|0.0839|0|0|1|14800.0|5817.08|26|341.6|2705.73|1960.5
414|43|2566.01|0.07|0.0|24|18|3|8000.0|98675.64|33|1005.72|7428.18|2760.1
415|22|3303.23|6.97292|0.0|0|20|2|8700.0|47974.43|52|16643.12168|11129.33|12452.79
416|34|6949.35|0.0|0.5338|0|22|1|8645.11|9495.59|41|2422.08|17908.55|9832.63
417|79|4709.49|28.84|0.0246|2|0|3|14838.75|537799.2|36|2629.12|10313.092|6626.98
418|27|6514.21|37.64|0.0|0|121|4|12000.0|2479.33|42|7341.0|131660.5|13015.56
419|17|1250.1|2.62|0.0|4|7|2|3000.0|307828.72|38|17757.55|4459.35|3936.67
420|13|507.5|0.71|0.0|0|57|1|2600.0|2543.92|29|2967.06|2920.93|4961.71
421|1|50.0|0.65|0.0|0|31|1|11700.0|68290.99|43|5107.18|1961.5|12848.54
422|42|3431.54|6908.62|0.0|0|6|4|5100.0|562.48|39|6085.72|6332.23|4904.04
423|19|1409.43|0.0|0.0|6|19|1|2200.0|1095.0|24|3782.1|2484.1|1443.41
424|3|383.3|3817.82|0.0|3|82|2|48500.01|423032.34|45|37012.5868|32358.26|18944.77
425|84|3585.76|5000.0|0.0|72|55|2|39000.0|143145.98|39|4854.67904|8987.316|9601.27
426|8|1087.86|0.0|0.0|2|12|1|13500.0|26316.89|58|83.72|7835.44|10674.22
427|21|1607.0|0.0|0.1494|0|24|1|4800.2|27846.79|35|718.06|4208.5|2784.0
428|5|110.1|0.04|0.0|3|12|4|1700.0|2552.06|46|913.53|2264.25|406.96
429|18|1510.74|0.1|0.0|0|34|2|3900.0|2412.95|32|2177.83|3357.24|5485.73
430|35|2860.79|321.44|0.2041|17|16|3|83082.0|104632.9|54|6262.74767|49593.363|5225.0
431|4|2285.0|0.0|0.0|1|16|2|27900.0|94603.77|66|43470.17437|64145.88|16913.89
432|21|12459.38|0.0|0.0|3|20|2|15400.0|38465.18|41|25.67|16493.03|2570.35
433|2|286.61|0.0|0.1035|2|0|2|20300.0|8207.15|54|13.17|3650.15|1500.0
434|14|725.3|0.39|0.0|1|32|2|3100.0|3469.0|28|385.82|2101.7|2605.73
435|33|1778.99|0.0|0.0|4|4|2|4700.0|784.32|37|372.77|1774.36|2252.54
436|25|1997.43|0.0|0.7827|12|3|2|41500.0|195219.53|46|5574.80334|6851.05|6906.36
437|2|42.0|505.59|0.0|0|9|1|5000.0|1934.53|55|1.09|2186.3|1432.11
438|4|1998.08|3.32|0.0|2|24|1|10000.0|1646.96|43|2162.51|5493.67|3926.73
439|97|6342.0|0.23|0.0|3|0|3|90000.0|6029.18|48|6830.1722|11263.06|8452.6
440|3|605.34|6.02|0.0|2|4|2|800.0|29159.68|29|3348.27|2650.76|2293.17
441|12|1790.5|0.0|0.3435|9|6|3|50700.0|144097.64|61|2764.27288|2524.2424|300.0
442|14|713.37|115.65|0.0|3|6|4|24700.0|79491.87|55|1947.18|5709.62|6290.56
443|58|4331.67|296.90232|0.0|3|0|2|66900.0|324551.94|54|16872.96248|18920.348|15973.36
444|4|383.0|0.02|0.0|0|1|1|1674.77|1842.02|24|2631.78|545.5|1631.83
445|24|2475.17|0.0|0.0|5|16|1|8800.0|14655.91|35|910.76|9856.05|10694.0
446|7|2832.65|0.22|0.0|2|0|1|2300.0|1318.85|54|505.16|2643.34|1537.0
447|76|7033.34|0.76|0.0|66|13|3|90000.0|829724.1|42|3697.48718|9897.408|8614.37
448|6|1761.13|4.25515|0.0|6|0|2|115000.01|3929056.8|55|16914.8744|9355.12|4329.21
449|28|1172.92|0.0|0.0|14|83|1|700.0|508.99|21|34.36|2026.92|925.0
450|33|7346.21|0.0|0.0014|29|27|3|200000.0|1030791.44|50|72320.20158|21799.996|46883.21
451|12|775.8|43.36|0.0|3|0|2|6000.0|2933.32|43|116.19|6048.91|3716.19
452|7|575.31|0.44|0.0|1|26|1|3200.0|3126.47|25|688.31|1659.09|1219.0
453|2|2919.97|7.31|0.0|2|5|2|3000.0|25732.83|42|2306.93|2838.27|2306.92
454|3|691.36|0.09|0.0|3|43|2|52700.0|516405.3|33|0.0|7470.48|4690.67
455|5|967.93|7615.37|0.0|0|40|2|41200.0|8941.58|58|9985.0|11982.72|15157.46
456|55|5316.86|20.76|0.0|44|9|3|33900.0|37423.15|42|5158.83824|11424.201|3643.33
457|7|132.9|1116.07|0.0|0|11|1|10800.0|1152.11|37|348.45|530.7|500.0
458|5|378.02|263.9|0.0|3|7|3|20000.0|3345.28|36|296.5|8268.83|5009.02
459|31|3175.13|0.03|0.0|2|21|1|2500.0|9578.55|21|100.41|5922.58|2720.8
460|117|4468.76|0.0|0.0|6|20|1|44520.81|162681.1|30|2636.41|9918.7|4239.76
461|96|62827.92|0.0|0.0|54|3|2|120000.0|111556.21|44|58605.10416|231728.42|37902.93
462|14|1831.68|68.97|0.0|7|11|3|90000.0|60.29|36|46972.8|58802.3|12700.46
463|9|708.4|0.0|0.0|6|6|2|8700.0|10496.21|55|436.78|2159.88|1607.57
464|61|1771.13|0.0|0.0|1|46|3|8150.0|8370.09|35|1778.53|5249.7|2308.06
465|6|1238.8|0.0|0.0|1|3|1|1697.0|1889.1|39|7000.0|2118.46|4118.46
466|13|1959.66|8538.19218|0.0|8|38|2|75500.0|9874.77|51|175792.65535|16754.098|16348.54
467|10|1705.2|1.35|0.0|0|14|1|39200.0|39.9|36|7861.92|2538.2|3641.71
468|120|4982.43|0.0|0.0|112|6|2|12000.0|770853.06|38|7255.81976|17222.312|7100.13
469|10|936.21|0.34|0.0|2|4|1|2800.0|939.25|28|1690.21|1515.82|1690.17
470|128|12865.4|0.51|0.0|127|0|3|90000.0|140339.34|37|50505.71498|105151.38|37510.18
471|26|1182.16|2.01|0.0|3|34|2|8600.0|559398.9|32|13125.67|4831.4|2505.83
472|29|3153.56|0.0|0.7205|29|84|2|71126.0|547767.5|33|65059.08344|610.0|39523.5
473|56|5283.43|0.88|0.0|1|41|2|2100.0|12196.58|37|904.12|7858.22|1731.58
474|7|3097.54|0.21|0.0|0|94|2|8300.0|3558.52|34|3112.3|4938.54|2980.41
475|24|1468.65|0.0|0.0|4|13|2|2900.0|9953.23|31|310.0|9732.75|3200.0
476|20|1284.1|0.0|1.0|0|8|1|32665.39|907986.1|38|11242.56|8733.79|14628.77
477|16|2242.62|1.1|0.0|2|52|3|110000.0|549126.7|51|17605.4514|13055.59|7488.97
478|1|4.1|0.46|0.0|1|0|3|4800.01|5932.26|49|418.83|1948.0|1117.37
479|15|4278.7|0.0|0.0|15|37|5|50000.0|14694.3|58|140176.87575|87423.64|15934.04
480|20|1474.0|1.19|0.1999|0|12|2|0.0|148141.05|61|14193.73|1513.95|6871.67
481|25|37898.6|2.34|0.0|2|0|5|25001.0|70959.73|40|3517.69|37487.23|5043.16
482|41|4003.01|0.23|0.0|25|8|3|21000.0|17.53|38|6615.7|4956.52|12950.55
483|4|487.8|0.92|0.0247|0|3|2|7000.0|5044.88|37|1055.97|1847.8|2094.38
484|11|951.69|0.02|0.0|0|24|1|3500.0|1588.82|25|800.72|1041.69|1512.64
485|53|3960.06|0.0|0.5293|9|20|3|193833.6|236243.81|38|6829.57|15304.67|13170.66
486|20|1979.0|1.88|0.0|1|8|1|4107.46|4107.46|35|210.65|3552.0|4442.34
487|15|1149.8|1.23|0.0|3|113|1|6100.0|34733.77|30|36.22|2257.66|1827.0
488|10|1466.1|1.61|0.0|2|0|1|9100.0|41447.11|40|16.28|2085.4|1612.39
489|13|650.61|2.12|0.0|0|29|1|19200.0|7626.81|44|5421.09|4997.57|4784.16
490|31|17141.05|0.0|0.0|30|24|2|25000.0|15227.45|37|2969.32|6718.0|3900.42
491|39|5816.68|13280.79|0.0|38|0|4|90000.0|2105.25|39|5032.82884|13153.212|2653.4
492|19|4597.19|2.06|0.0|2|0|3|35500.0|70473.01|43|9949.83|11256.94|15018.14
493|9|2832.88|2093.5|0.0|4|6|1|10800.0|1157.5|43|1030.92|3737.46|1720.62
494|21|1324.34|0.83|0.0|21|0|2|3270.0|905.89|29|15.1|628.4|150.0
495|25|6971.48|973.36|0.0|20|0|3|90000.0|260313.83|63|8704.1497|10770.465|7650.75
496|2|170.5|559.47|0.0|0|23|2|10000.0|26427.2|36|28808.12|2425.79|900.0
497|10|1192.51|12763.26|0.672|8|42|6|4000.0|700276.94|46|325822.073|1935.3|1890.68
498|12|1012.85|0.0|0.0|12|55|1|39400.0|3928.09|30|100.0|435.5|100.0
499|21|8746.21|0.0|0.0|9|22|1|25900.0|32959.4|42|3890.33|17371.89|3291.67
500|1|648.48|0.07|0.0|1|15|1|5000.0|6617.1|27|1464.94|1982.53|1802.19
501|13|2056.77|0.04|0.0|0|53|1|5900.0|5329.44|36|860.79|5072.4|2085.22
502|15|2056.22|4.77|0.4861|0|8|5|31300.0|849548.25|45|24448.29285|10663.14|6480.39
503|41|7050.55|4.7296|0.0|33|0|4|50000.0|1717087.6|50|1617.9545|3745.187|2125.68
504|9|234.5|0.79|0.0|0|3|1|2300.0|4460.8|29|787.04|971.68|1296.72
505|22|906.8|0.93|0.0|0|10|1|1400.0|1038.24|31|1006.35|2840.9|1175.5
506|19|4492.92|4520.59|0.0|11|6|2|18300.0|41316.17|62|2723.77|6865.4|5534.41
507|64|6905.06|1.25|0.0|0|17|2|9000.0|41080.56|35|2466.66|13153.89|9864.1
508|19|1874.33|0.0|0.0038|19|0|2|96000.0|3556559.8|55|8102.2684|96826.51|13681.51
509|10|1736.82|0.04|0.0|8|17|2|3200.0|46251.42|25|0.0|966.0|3758.05
510|17|1345.87|0.22|0.0|6|8|1|3600.0|2336.04|23|2022.11|2835.13|1965.98
511|24|10236.06|8.38|0.453|18|10|3|89300.0|78001.79|48|38922.20848|9417.986|4015.94
512|67|7667.58|4.42|0.0|67|34|1|8700.0|385.92|30|83.82|9003.33|1179.89
513|17|708.68|1328.12|0.0|17|36|2|83700.01|3799.26|39|2702.4708|6138.451|5973.62
514|8|569.35|0.0|0.0|6|43|2|2000.0|643.98|25|841.1|2234.81|2056.5
515|17|4674.61|11581.04|0.0|1|12|1|13800.0|4170.51|41|3539.45|8719.54|5292.0
516|39|1315.16|1.08|0.0|0|48|2|2000.0|241958.62|25|1813.49|4742.18|2609.69
517|35|733.27|0.0|0.0|1|13|1|6000.0|1265.85|33|68.2|1841.99|1704.15
518|3|213.9|6.02566|0.0|2|11|1|10543.98|536392.1|51|387.46|1833.06|6088.13
519|9|2399.31|357.54|0.0|5|0|1|7000.0|1075.05|38|6812.79|2623.25|4439.38
520|50|4211.96|0.0|0.0|25|56|2|6018.17|4935.38|35|30.97|9785.77|8844.48
521|17|3953.02|0.2|0.0|17|9|1|18400.0|21351.14|28|1750.99|4513.06|3605.74
522|27|2752.95|0.85|0.0|14|0|1|60900.0|20110.42|37|1445.29|6752.97|4100.0
523|43|3165.96|0.0|0.0|42|63|1|7000.0|67563.34|37|20689.41|11715.9|9797.28
524|37|6554.23|6134.00167|0.979|33|77|2|50400.0|1968955.4|67|36981.0827|12362.916|9468.72
525|7|896.0|8502.78|0.0|0|24|1|30800.0|4747.2|38|7041.1|2598.5|4603.58
526|5|2420.77|0.0|0.0|1|10|1|22900.0|1463.24|29|4757.26|4315.57|4052.46
527|93|5144.98|0.14|0.0|40|16|3|80000.01|1932.56|61|3290.28996|4322.123|134.0
528|48|7290.59|1.38|0.0|38|67|2|20000.0|669050.9|32|2124.97275|10098.4|6810.24
529|37|8329.05|0.0|0.5398|9|0|2|78731.95|518189.84|55|14309.14|12066.71|17500.0
530|16|843.75|0.0|0.0|11|54|2|18100.0|49.8|27|1365.86793|4394.83|2925.18
531|7|559.0|0.1|0.4806|0|0|3|15703.38|28236.08|38|3.03|1559.0|1559.87
532|20|961.9|697.74|0.0|0|3|1|4300.0|1320.0|63|23.08|1590.7|1452.5
533|17|2120.29|101.5|0.0|0|8|1|3500.0|1317.32|34|2335.97|2559.24|1903.04
534|41|2348.37|0.0|0.0|36|74|4|50000.0|1389.64|35|2696.97665|6472.86|9314.02
535|47|4704.17|7858.96|0.0|36|78|2|57700.0|4.5|32|23548.71944|17338.016|6223.76
536|12|1007.14|1.02|0.0|0|29|4|900.0|33551.9|51|88.53|7629.09|5233.23
537|100|5710.36|0.0|0.0|17|11|2|2059.01|49515.53|33|2894.5|14362.56|10120.0
538|50|2484.5|0.22|0.0|1|0|3|2617.0|29067.58|31|1500.98|4188.4|4987.78
539|13|543.28|7.54|0.0|6|34|1|3200.0|2447.35|25|3712.51|315.0|2704.0
540|62|13375.24|0.0|0.6979|55|7|3|61426.46|207173.4|32|10695.16606|20108.088|1025.0
541|28|1878.34|33.84|0.0|0|29|2|2000.0|958.88|42|1950.11|4338.34|2622.64
542|31|3285.9|0.0|0.0|12|50|2|3100.0|1547.86|22|1679.82|2776.09|2541.33
543|16|1249.97|243.52|0.0|5|9|3|30600.0|679.87|29|3573.37528|2087.1445|1322.4
544|4|3590.15|0.0|0.0|4|17|1|10000.0|13944.87|37|1298.91|2670.76|1798.91
545|6|797.22|0.29|0.0|2|0|1|2627.0|3726.02|30|2.09|1415.63|2094.89
546|13|2232.75|0.46|0.0|0|7|1|3000.0|13200.44|26|1074.44|3279.07|1853.55
547|8|870.0|0.87|0.0|0|15|2|500.0|1593.99|28|1490.7|2742.25|2647.52
548|52|1769.73|2520.03|0.0|44|15|1|3300.0|1200.6|26|3671.01|2911.3|2880.09
549|25|4470.92|7010.61|0.0|0|1|3|25500.0|760920.94|38|11603.09|16205.84|7466.54
550|66|3947.3|1.75|0.0|13|35|2|47100.0|4045.69|26|1044.82|8145.98|4570.08
551|54|8905.79|0.0|0.0|18|5|2|48000.0|6810.46|36|30916.39|17526.04|6190.13
552|5|138.88|1.84|0.0|0|39|1|5600.0|2431.38|37|66.25|4580.98|9141.93
553|59|4720.18|0.0|0.0|56|43|2|65653.99|74500.39|36|25269.65|35746.84|6022.31
554|1|13.18|4.34|0.0|0|2|2|1000.0|190285.77|41|4198.6|10338.92|4395.33
555|17|445.48|0.17|0.0|0|1|2|1500.0|334.82|56|2877.84|2449.67|2240.19
556|23|2978.32|0.86|0.0|3|37|5|49400.0|615.38|46|168893.2654|24587.402|10153.63
557|8|797.92|15.27|0.0|0|6|3|6000.0|243101.05|39|87160.62|6154.92|7020.26
558|34|2126.82|0.18|0.0|0|18|1|2250.0|15975.27|45|6709.67|6699.41|5378.12
559|20|1539.69|0.0|0.7595|12|0|2|11897.8|39633.43|52|15229.0716|5629.42|3112.95
560|24|2422.67|0.0|0.0|1|11|1|1000.0|3114.18|51|752.28|6429.42|4432.45
561|17|1999.44|0.0|0.0|8|36|2|4400.0|319495.2|34|830.26|2927.76|3530.44
562|4|67.2|0.0|0.0|3|16|3|1500.0|4718.25|44|2152.82|2319.43|1676.2
563|12|981.15|2886.92|0.0|11|35|3|3000.0|781040.2|42|8251.69603|3579.7527|3517.64
564|35|1416.89|0.0|0.0|2|16|1|25000.0|1371.33|32|3691.58|4882.9|8702.41
565|46|3984.11|0.0|0.0|31|52|5|36400.01|22739.05|27|18376.13338|19282.318|36.33
566|29|1900.3|10.6|0.0|24|4|4|39700.0|6418.64|40|6783.46118|7300.61|4449.78
567|19|697.5|0.0|0.0|3|38|1|39517.76|43608.9|54|749.39|2233.0|1291.3
568|31|3435.86|0.0|0.0|7|7|1|3451.32|332515.66|36|47.75|4710.63|3294.81
569|10|877.09|0.0|0.0|2|82|1|6100.0|15746.88|36|3200.0|1782.51|758.64
570|70|3443.02|0.0|0.0|1|38|2|58664.4|82562.5|36|7096.76|64487.69|10407.39
571|16|867.0|0.16|0.0|0|78|2|3000.0|2862.71|27|591.44|2028.01|1705.96
572|28|2106.13|0.1|0.0|8|0|2|10000.0|2887.19|36|1591.97|5851.54|4667.82
573|48|7746.23|10432.38768|0.0|41|0|2|45000.0|3510.07|48|256002.42784|11805.347|29980.73
574|100|3820.02|30290.93|0.0|35|75|2|90000.01|1171486.6|51|8983.15284|17806.984|16486.63
575|19|1321.0|703.08|0.0|0|14|2|300.0|3398.93|31|403.29|2167.81|2257.85
576|4|262.0|0.62|0.0|0|8|2|17400.0|33778.44|43|2164.84|4956.68|4071.38
577|34|2491.83|11989.03|0.0|10|55|1|10824.0|371.3|28|5000.93|6225.44|2395.43
578|2|188.0|0.23|0.0|0|6|2|6500.0|4922.85|41|1582.0|4484.3|4683.7
579|30|1741.62|3935.53|0.0|22|9|4|8700.0|1024.2|29|27961.42092|2834.54|2506.37
580|1|30.0|0.85|0.0|0|11|2|9100.0|30806.33|39|3312.04|5682.04|3611.25
581|3|77.2|0.0|1.0|0|15|1|570.6|73.1|23|149.11|504.99|1025.0
582|3|452.0|0.05|0.0176|0|4|1|57840.03|57735.42|40|3080.26|798.39|4491.42
583|22|1909.78|0.0|0.1057|0|21|2|6601.0|7636.37|33|1387.35|2734.78|1592.15
584|3|50022.5|0.58|0.0|2|38|3|24000.0|0.0|44|51.63|53710.2|1413.0
585|37|2271.12|0.0|0.0886|7|52|2|45436.19|1206538.0|46|8650.08|5965.73|11075.44
586|38|1857.87|2.76336|0.0|5|73|2|2000.0|68962.5|56|2811.64|2692.16|2584.58
587|51|11596.92|8381.6733|0.0|2|22|1|123359.0|1659.07|55|19457.36|15093.01|8246.32
588|8|1295.0|0.02|0.0|0|11|1|600.0|12666.65|31|312.03|2704.9|1560.03
589|26|2198.51|59.41|0.0|0|43|4|1000.0|35624.24|64|4643.24|22558.77|6796.0
590|48|4887.6|0.0|0.99|37|0|3|56100.0|608111.44|29|35793.93647|31708.357|500.0
591|12|1125.51|288.92|0.0|6|9|2|40800.0|57653.98|30|9888.72364|7578.86|3722.46
592|5|550.0|0.52|0.0|0|9|1|100.0|6112.36|29|74.49|2650.0|1659.99
593|3|163.0|2.63|0.0|2|3|3|1000.0|424.12|51|1742.52|2307.0|2414.42
594|31|4525.08|0.0|0.0|13|14|2|18500.0|165589.27|44|250.39|14804.35|9831.54
595|48|4525.65|0.55|0.0|15|38|1|19000.0|39605.51|29|1863.01|7050.23|4282.4
596|38|1689.67|3161.81|0.0|35|10|2|25000.0|6202.37|24|2678.57|2169.01|2199.42
597|19|2135.21|0.0|0.0344|18|0|5|23499.0|216565.48|37|2629.17036|6517.2|5047.75
598|9|1639.99|0.0|0.0|7|45|1|30000.0|10221.86|43|3893.14|2046.55|4473.91
599|62|1737.16|0.57|0.0|9|16|1|11498.0|19513.58|30|3321.87|5421.65|3518.25
600|14|3991.31|0.0|0.0|8|23|3|8000.0|20733.85|46|6592.36171|16759.266|13330.73
601|13|4218.14|2.13|0.0|0|34|1|22900.0|132181.42|49|1295.07|12721.17|2959.38
602|31|3282.91|0.0|0.0|8|5|1|79000.0|8864.62|28|637.28|4826.62|3368.67
603|23|5280.04|0.26|0.0|3|13|1|41600.0|41081.02|32|606.35|10667.96|3816.76
604|43|3131.8|0.78|0.0|37|20|2|10000.0|7386.14|29|2490.75|1433.8|6458.3
605|3|118.4|0.02|0.0|0|58|2|3600.0|9035.88|32|787.59|2591.72|2870.99
606|34|1422.39|0.0|0.3444|32|3|3|51145.84|136075.25|37|144.28408|30783.852|1800.0
607|28|938.2|5.11|0.0|0|12|3|3900.0|581.16|54|41.93|6915.85|2525.17
608|12|3701.0|0.04|0.0|0|19|1|1500.0|601.73|29|2059.97|3701.0|3099.01
609|35|1765.7|0.1|0.0|0|8|3|62100.0|18817.75|28|4474.3424|8066.4346|4472.29
610|16|2095.58|27522.42523|0.0|0|89|2|6000.0|176348.31|67|6698.0|4833.05|5944.46
611|3|54.6|0.0|0.0457|0|26|2|95700.5|50748.67|52|242.9769|4779.99|5014.54
612|20|2941.88|0.12|0.0|17|0|2|6100.0|5848.59|46|3386.32|5900.45|8551.72
613|37|5725.7|0.0|0.0|34|50|3|90000.0|1729509.0|42|47165.51356|72748.61|39355.31
614|24|3424.27|0.03|0.0132|24|7|3|50212.8|457350.44|43|7100.5542|20037.47|11438.31
615|16|16706.17|1.0|0.0182|1|13|2|49789.52|1355724.4|56|10622.0286|45163.81|19376.74
616|8|532.53|0.0|0.0|8|32|1|1800.0|1279.56|22|745.43|581.83|430.17
617|73|4464.25|1.03|0.0|35|17|2|15000.0|50750.83|44|994.02|4531.94|2123.17
618|27|1123.51|0.01|0.0|0|130|1|2549.0|2346.1|24|0.6|1300.22|1251.64
619|15|1028.2|0.02|0.0|0|12|1|300.0|1851.7|33|5249.34|2711.5|5558.15
620|42|2161.68|2.55|0.0|0|30|1|2895.0|17474.64|25|162.41|2531.43|2123.66
621|11|1164.8|1705.34|0.0|2|0|1|16500.0|7637.26|48|1423.92|3481.54|1621.88
622|4|327.6|0.68|0.0|4|47|2|3960.0|16643.87|47|1418.84|6850.22|5000.29
623|30|1226.19|5.8|0.0|1|27|1|739.0|15767.54|27|0.07|3449.63|3943.96
624|33|1749.88|0.0|0.0|18|4|3|35100.01|291.74|30|4623.66|3417.0984|4137.17
625|14|1440.0|0.28|0.0|0|30|1|2000.0|505.9|31|2600.0|6060.79|3316.45
626|29|3697.15|0.0|0.0|5|15|1|4727.0|11788.38|42|2669.27|7854.4|8263.48
627|8|1462.98|10590.38838|0.0|0|25|4|20500.0|3989.29|50|68132.3823|9886.12|7715.06
628|8|192.03|18.21|0.0|8|0|2|7586.0|195262.27|29|1851.07|1816.32|3266.44
629|54|4798.52|0.0|0.0|41|35|4|90000.0|287129.9|52|108146.55485|17665.223|13657.84
630|29|1884.75|0.0|0.0|28|5|1|17000.0|255.65|34|14536.92|3319.1|1337.83
631|9|671.65|0.0|0.0|1|7|2|35000.0|161.67|47|2866.66|7834.1|2920.35
632|14|2374.8|3036.71|0.0|0|32|1|3250.0|678.1|63|11225.33|4955.26|7356.66
633|58|805.34|0.0|0.0|39|19|3|3000.0|234.89|54|840.82|1373.96|1069.32
634|21|1278.1|0.06|0.0|12|22|1|3300.0|2216.35|24|664.78|1958.8|926.24
635|32|3726.28|0.0|0.0|23|11|3|16668.88|50344.95|38|581.88|2500.0|6719.11
636|57|6144.13|25340.91|0.0|7|0|2|30000.0|6163.08|34|170275.6884|7818.07|12685.79
637|8|4352.67|1603.8|0.0|2|94|2|35025.0|23098.23|35|10628.0749|6193.7188|2397.97
638|9|283.2|0.0|1.0|0|13|2|1681.2|1075.85|30|2857.6|5056.45|1302.5
639|14|3120.55|7096.23|0.0|14|31|3|132000.0|14933.27|51|66249.18287|12342.16|16709.35
640|13|2016.03|0.0|0.0|9|156|3|8300.0|3198.9|28|991.96|7341.55|4036.83
641|49|3905.42|0.0|0.0|9|29|3|40000.0|256622.98|32|38.4385|11915.213|9610.56
642|37|1152.71|0.55|0.0|0|6|3|1.0|39786.01|48|7769.6784|10527.181|11463.77
643|23|2387.85|923.15|0.0|10|37|2|2700.0|1506.39|25|7111.95|10342.96|4041.04
644|48|5222.04|0.24|0.0|41|0|2|51800.0|151234.94|32|265.11|8164.16|4375.98
645|9|2013.36|0.0|0.0|8|7|2|12000.0|1882.63|65|151418.60372|8004.9233|3952.07
646|37|3261.94|447.67|0.0|0|13|1|5200.0|250435.2|50|2785.8|8965.92|8424.4
647|24|1532.83|2.09|0.0|0|16|1|7000.0|14876.17|33|977.53|3427.69|1981.72
648|1|76.04|1.25|0.0|0|60|1|14700.0|5615.72|28|2429.63|2401.09|2455.81
649|18|1776.68|0.0|0.0|2|31|2|867.0|10753.1|22|2040.11|5524.9985|1885.78
650|2|195.06|4078.69|0.0|0|18|2|25900.0|1621.33|61|3254.13|4512.29|4966.33
651|1|95.0|1.08|0.0|1|0|3|58029.75|40767.41|42|1879.93|4465.44|4688.41
652|3|225.2|0.0|0.0091|3|16|3|6000.0|2763.97|68|32138.19754|5194.8223|1813.05
653|49|4841.14|0.0|0.0|6|8|3|5200.01|81753.58|40|98.2036|9182.17|2007.56
654|37|1423.24|6543.69|0.0|6|14|2|5700.0|428.73|31|2811.7|4950.61|4828.64
655|47|2513.74|2.14|0.0|23|12|2|24600.0|56251.12|31|7320.023|49462.516|3638.82
656|115|8750.98|0.0|0.0|41|31|1|15345.0|117037.14|27|4264.27|16836.87|8089.45
657|4|436.9|5058.83|0.0|0|9|2|11000.0|1534.7|34|16255.17|5785.45|6133.33
658|3|594.0|0.0|0.0|2|30|3|13000.0|2113.19|46|10112.87|3192.37|4304.11
659|13|584.35|0.0|0.6932|4|24|3|30000.0|75163.95|59|1051.07|7299.96|5787.99
660|22|2734.85|1000.83|0.1488|19|0|1|17300.0|29068.62|48|28.57|1666.3|1349.33
661|29|3004.75|16.45|0.0|24|0|3|10600.0|152829.2|29|5495.07|3632.14|3626.48
662|5|630.67|1381.68|0.0|0|4|1|2000.0|5442.64|38|2191.52|1683.67|2426.16
663|13|2351.92|1.28|0.0|2|0|3|10413.56|95144.08|44|555.65|6736.76|8769.51
664|12|1013.94|0.08|0.0|0|21|1|6300.0|2.9|35|1424.26|4401.74|1312.35
665|1|350.0|0.0|0.0|1|3|2|2900.0|1379.82|60|8.65|1125.0|1353.2
666|20|3406.41|0.08|0.0|0|35|2|5600.0|1501.8|25|1886.88|9150.9|1609.27
667|1|250.0|0.16|0.0|0|3|1|3300.0|190.0|35|1715.03|1155.9|2027.73
668|29|5369.11|0.0|0.0|2|55|1|89000.0|11124.79|41|30298.18|18326.92|6092.34
669|3|221.08|0.26|0.0|0|7|2|27301.0|22439.14|38|1013.24|2512.67|1503.42
670|5|169.8|0.03|0.0|0|9|2|500.0|500.0|27|152.01|3130.9|1376.1
671|27|4489.07|0.0|0.0|25|5|4|106000.0|765147.2|59|14838.771|105633.24|4422.12
672|46|2163.82|0.35|0.0|0|44|1|1300.0|17705.29|27|345.92|4047.64|40.0
673|16|584.8|5.86|0.0|0|8|1|15500.0|8731.89|51|4699.28|4296.71|3106.89
674|16|1589.0|67.67|0.0|0|24|1|4600.0|1572.71|44|10573.09|3163.89|1597.76
675|10|2732.56|0.65|0.0|5|2|2|38898.0|32464.55|34|704.61|27314.93|8448.88
676|9|1890.45|0.53|0.0|4|40|1|3700.0|24333.69|32|83.75|1849.7|1522.4
677|2|5968.0|0.0|0.0|1|20|4|6000.0|48541.75|61|6.01|17996.166|17092.02
678|13|1519.0|13089.61414|0.0|3|0|3|20000.0|1148.24|52|81198.36324|4171.52|7712.28
679|3|210.0|0.97|0.0|3|0|1|1000.0|483.83|54|1.05|1903.0|1867.52
680|24|1820.71|0.03|0.0|1|15|2|3000.0|3898.98|33|631.97|2026.84|1832.82
681|15|2273.79|0.0|0.5612|13|6|1|48763.5|44260.51|54|12.18|1000.72|3699.22
682|70|1370.02|0.0|0.0|62|3|2|15149.5|895379.8|34|2842.0212|5845.547|7321.02
683|1|31.0|12.16|0.0|0|27|4|2000.0|101641.22|50|2158.3|4911.0|4776.25
684|24|5045.59|1.94|0.0|14|9|1|80000.0|3142.76|37|145.46|6302.6567|4822.48
685|4|39999.95|2031.19|0.0|4|0|1|30300.0|12297.35|47|2845.14|10605.87|1057.92
686|4|164.3|7.06|0.0|2|0|3|1755.0|6936.24|56|11.46|4373.08|4203.22
687|16|464.02|1286.31|0.0|0|15|1|50.0|10088.29|49|3268.97|4048.92|3102.55
688|21|1816.4|1.28|0.0|0|12|1|5000.0|2325.3|47|78.64|3186.64|1796.73
689|18|844.59|0.27|0.0|14|41|2|43780.0|1393.13|25|1149.81667|3600.7312|2279.53
690|25|6830.75|0.0|0.0|25|9|3|60000.0|14595.0|76|24640.57936|7624.4|36.02
691|10|447.2|0.18|1.0|0|0|2|1000.0|240294.1|41|23.18|3157.44|1549.5
692|24|2207.38|0.93|0.0|0|28|2|19400.0|20819.31|41|189.39|5283.06|3869.33
693|4|307.0|0.02|0.0|0|12|2|3400.0|2728.19|30|1645.05|486.47|1339.9
694|16|1539.67|22109.7|0.0|11|0|3|34900.0|450775.97|47|28613.32488|6258.951|17857.56
695|4|230.33|0.0|0.0|4|43|1|52400.0|410906.1|31|2500.09|2827.44|4008.0
696|12|1190.0|0.03|0.0|0|48|1|3600.0|3442.38|38|390.0|2136.93|1329.05
697|59|5614.43|0.0|0.0|11|8|1|25000.0|149629.11|30|3362.54|6708.97|5106.26
698|5|572.5|0.0|0.0|5|23|1|9500.0|1.24|33|2187.57|452.57|3608.94
699|22|1110.4|0.0|0.0|10|16|1|23000.01|4614.54|31|1038.46|3531.8|2749.83
700|17|1214.0|0.0|0.0|1|24|1|1561.0|5770.44|52|1722.4|6034.37|6752.0
701|2|28.22|0.0|0.0|1|14|1|4400.0|350.66|26|0.62|3551.5|2572.22
702|8|2680.53|0.66|0.9346|1|0|1|15800.0|49357.66|48|547.49|5914.13|2940.02
703|3|740.0|0.0|0.0517|3|5|1|58400.0|8143.19|58|100.65|967.21|880.0
704|17|1309.34|926.354|0.0|17|2|3|69600.0|68551.43|38|6754.54|12934.52|14651.28
705|84|6493.21|0.67|0.0|0|5|1|1000.0|82131.84|34|150.0|12306.01|6244.66
706|6|211.83|0.02|0.0|0|7|2|4100.0|22259.28|30|73.0|831.83|1213.89
707|39|3257.63|0.0|0.0|9|13|3|13000.0|7333.78|31|785.83|7072.96|2175.3
708|8|328.38|1.67|0.0|0|22|1|16900.0|162292.66|51|1652.2|9361.34|5789.08
709|13|370.94|268.42|0.0|0|3|1|2200.0|255.0|50|1667.09|766.94|1086.23
710|1|179.8|0.48|0.0|1|0|1|2131.0|4075.86|60|3.48|5093.11|5691.36
711|26|3441.05|0.0|0.0044|25|15|2|61244.4|2467857.8|55|19441.161|44634.953|9929.92
712|2|169.6|16.14|0.0|2|0|2|8900.0|5296.33|56|8065.84|27383.9|5396.58
713|14|986.45|0.0|0.0|12|21|2|4100.0|297.6|31|14074.2|3391.18|4534.68
714|6|697.25|0.04|0.0|2|0|2|40000.0|12826.66|34|6787.43|1422.67|2152.79
715|11|1289.58|0.0|0.0|8|51|2|19200.0|422573.84|63|1217.13274|4684.8|5400.0
716|14|1207.49|0.0|0.9907|10|0|1|31683.32|482956.7|64|54.73|4327.7373|4503.37
717|4|423.6|0.22|0.0|0|10|1|653.0|589.54|32|787.98|423.6|1063.67
718|3|2266.98|1546.31|0.0|2|0|1|13800.0|3180.95|27|638.95|3073.78|2325.17
719|8|1550.88|834.45|0.0|0|23|1|1000.0|181.29|40|1053.23|6022.05|4263.61
720|8|236.78|0.0|0.0|5|3|1|10760.83|125821.9|43|457.44|2099.53|2389.59
721|13|1025.73|33.79|0.0|0|12|2|42000.0|2471.0|40|90109.7|5152.05|4576.76
722|22|585.22|0.58|0.9868|0|12|1|15700.0|17735.0|55|0.13|1121.47|588.77
723|29|3199.05|0.01|0.0|14|9|1|9500.0|14784.22|45|5499.78|9052.24|6956.85
724|23|1815.94|118705.04|0.0|22|35|5|30000.01|290.2|39|240276.6462|6051.8477|10804.05
725|65|4397.75|0.0|0.0|34|9|2|90000.0|3028.14|28|21593.60883|22294.951|25673.66
726|109|8988.84|14548.56|0.0|5|6|4|3000.0|35748.02|45|22168.98352|13767.706|8942.06
727|55|3483.6|3.47|0.0|26|5|3|57500.0|21671.81|31|1465.0649|12479.4375|4098.56
728|62|3839.25|9725.4|0.0|56|0|3|37500.0|1679871.8|52|87284.38099|12390.3545|13188.17
729|1|57.6|1.37|0.2604|0|0|1|24218.95|33498.44|43|2047.37|19953.6|1720.63
730|4|1940.0|0.43|0.0|0|27|2|15947.18|20645.63|43|3.22466|3642.0|1562.27
731|5|406.35|6528.79|0.0|0|22|1|10900.0|98.66|33|1434.75|1146.7|1178.11
732|94|9776.36|2406.53|0.0563|81|24|3|46000.0|356869.7|57|25594.2986|19050.586|69190.66
733|39|5065.18|1340.73|0.0|0|6|3|10100.0|5826.91|41|16952.42528|8826.96|28719.97
734|17|2040.52|0.0|0.0|8|5|1|29100.0|1167.9|29|970.07|7948.02|5749.76
735|9|251.97|0.06|0.0|0|35|2|1267.73|5499.7|28|597.53|1305.56|1272.5
736|1|7.0|4.57|0.3361|0|0|1|9300.0|95239.51|60|2.56|3207.0|3324.16
737|7|1173.8|1461.08212|0.0|1|13|2|49688.8|6560.16|44|5620.99|3929.04|5247.5
738|15|5816.27|3930.78|0.0|9|23|1|21700.0|8703.78|28|3604.95|12908.11|4174.79
739|63|5249.18|0.0|0.0005|40|21|2|30000.0|2233846.0|40|107170.56|28142.9|100830.9
740|25|700.2|0.71|0.0|0|28|1|1000.0|34698.97|30|3.61|2458.1|3474.08
741|20|1402.23|0.0|0.6316|1|10|1|1800.0|8000.89|63|112.99|1127.1|487.0
742|13|3057.78|2.67|0.0|7|9|1|34600.0|3389.87|48|3105.94|10286.3|10112.94
743|16|1082.3|0.0|0.0154|0|31|2|575.97|17834.16|55|1109.57|2793.2|1997.15
744|18|1150.69|0.36|0.0|4|0|2|10500.0|3893.66|36|346.0361|1846.6|2640.6
745|11|627.04|0.12|0.0|0|48|2|17881.5|177457.95|35|4172.93397|6164.39|3540.18
746|33|2633.29|0.0|0.0|7|70|1|15200.0|2164.85|33|1714.11|7125.35|2190.36
747|26|1285.72|35.72|0.0|1|43|3|8500.0|6838.71|30|6664.12158|5026.2505|6287.79
748|5|1890.6|0.29|0.0|2|5|2|1400.0|0.0|45|1.15|1310.0|1999.98
749|4|125.5|2.33|0.0|0|7|1|6000.0|2263.29|30|3835.86|4402.01|8523.42
750|13|851.76|0.07|0.0|4|3|2|2100.0|1984.96|21|0.6|1153.65|980.0
751|16|11028.29|0.56895|0.0|1|28|2|46900.0|596726.7|44|485.21|10755.85|6450.85
752|21|1056.97|0.0|0.0|11|25|1|2750.0|2203.0|27|1865.58|3098.8|1800.0
753|13|1863.6|0.08|0.0|3|0|3|45000.0|3764.41|27|4282.939|5047.0176|4148.0
754|35|4797.01|29267.406|0.8056|0|10|1|8200.0|1758.09|52|4050.6|13940.9|10624.24
755|19|1893.8|0.41|0.9611|0|11|2|0.0|20670.91|37|2542.13|5078.7|4083.51
756|4|731.33|0.68|0.0795|3|0|2|4600.0|926.18|60|1922.7|1895.0|903.64
757|4|2000.0|2534.84|0.0|0|16|2|32400.0|0.38|35|20974.25|2154.9|6749.39
758|3|68.99|0.0|0.442|0|9|1|86470.43|195625.89|50|9136.7|1181.99|17800.71
759|7|242.78|0.12|0.0|1|16|4|300.0|3963.16|36|1595.68|2479.79|2045.03
760|44|3941.47|0.16|0.0|10|26|1|10000.0|3274.74|34|1402.26|7977.1|3487.18
761|79|17273.73|56469.28|0.0|0|22|4|45500.0|295285.5|54|347778.2098|33088.91|13766.1
762|8|458.8|0.0|0.0765|1|28|2|12800.0|2239.26|50|1874.34|1554.61|2116.27
763|28|2729.27|0.26|0.0|7|39|2|7900.0|2489.74|42|962.87|2792.51|3395.69
764|44|4223.92|0.0|0.0|10|30|2|87500.0|1315475.8|43|5115.01192|19376.387|6636.06
765|2|190.0|0.71|0.0|0|19|4|19700.0|1220.54|28|17466.04|8357.2|18286.62
766|15|1712.4|4.29|0.0|3|114|1|3000.0|1591.23|30|1497.41|2323.78|2269.6
767|26|2411.81|6037.76|0.0164|2|0|3|114012.8|126485.5|53|519.0225|8343.653|2905.4
768|49|2840.34|0.0|0.0|26|20|1|7206.0|1447.59|35|409.12|3551.94|2205.92
769|5|305.1|8517.3328|0.0|0|8|2|14600.0|639.04|58|11482.40656|95849.15|4240.85
770|31|6795.3|0.0|0.0|21|38|2|26000.0|15664.31|25|2069.91098|9624.103|3308.44
771|10|909.0|0.61|0.0|4|17|1|700.0|313.47|55|326.5|2236.84|1482.01
772|2|220.0|0.12|0.0|0|3|1|2400.0|2911.6|48|1205.12|3070.0|2375.44
773|47|1198.23|2524.095|0.0|42|0|3|62000.0|353755.0|47|123247.4752|10183.71|30565.89
774|10|444.58|0.0|0.0|10|37|1|2000.0|821.63|21|1970.82|6291.57|2414.92
775|6|727.04|0.71|0.0|1|5|1|2800.0|4625.32|44|1565.22|6263.7|2668.01
776|55|1914.8|804.3|0.0|0|15|1|1529.31|163009.67|39|2495.62|4138.2|2582.92
777|42|3743.47|0.0|0.0|22|16|5|24700.0|14554.64|54|5718.55|5513.5|6327.97
778|18|2877.77|0.0|0.0|5|20|1|3100.0|2895.28|43|365.0|2369.37|1505.94
779|18|1182.0|0.03|0.0|0|14|1|770.0|2772.27|23|1334.45|1652.6|1807.16
780|38|1803.69|0.0|0.0|3|3|2|26000.0|1468043.1|42|8051.74|14717.51|17919.64
781|34|2278.8|0.05|0.0|7|0|2|19200.0|9193.24|43|3273.61453|5076.2104|5640.72
782|8|382.93|0.0|1.0|0|18|2|1001.35|376.57|40|0.45|3484.48|903.64
783|5|359.39|0.0|0.0|4|25|2|13302.0|15465.12|32|2292.67998|6991.5923|1599.84
784|22|6157.81|0.78|0.0|21|56|1|10000.01|11515.53|27|700.7|648.1|1351.85
785|41|3481.73|0.0|0.0|16|34|2|4300.0|214599.64|47|981.42|7796.69|3281.4
786|54|3173.48|0.0|0.0|17|27|1|1400.0|3905.29|32|247.14|5058.95|1310.56
787|21|2101.88|1.64|0.0|9|34|1|71100.0|113.2|44|274.62|1310.82|2713.05
788|85|2981.18|0.0|0.0|84|9|3|29000.0|12074.52|30|2512.37|2677.22|1750.0
789|13|1602.42|0.0|0.0|1|9|2|2457.0|37277.14|42|1.28|3938.53|2163.61
790|7|77.33|0.0|0.0|1|20|1|79002.0|14537.78|26|129.96|10257.64|186.66
791|24|1929.86|0.0|0.0|18|66|2|20000.0|5608.7|75|59581.26934|5971.202|1776.84
792|4|206.7|0.01|0.0|4|0|3|5542.0|10027.14|44|3.48|2075.45|2060.93
793|29|7398.34|4.0446|0.0|1|33|1|14157.42|113007.61|47|8374.21|14912.17|11449.88
794|31|858.96|0.6|0.0|0|71|3|10200.0|1689.94|34|13562.48|3546.94|3626.06
795|15|5162.0|0.28|0.0|0|14|2|768.0|7679.48|32|4678.43|9421.69|1308.02
796|55|13006.24|0.3|0.0|48|0|2|107100.0|1248885.1|57|550.78|18962.36|18312.58
797|36|2430.57|3435.46|0.0|1|39|2|5100.0|8911.91|34|8843.4222|8647.162|5617.17
798|40|2239.51|0.0|0.0|2|46|2|1900.01|1544.62|32|396.04|4441.0|3778.63
799|6|2459.25|0.0|0.0|1|5|3|1000.0|17896.81|43|94.85|2747.88|177.18
800|16|1381.6|0.14|0.0|1|19|2|432.01|254.56|35|1000.06|2996.6|1481.23
801|27|5522.78|0.0|0.0|24|26|2|95000.01|286578.12|39|210682.10418|12897.276|144913.34
802|63|2594.53|0.0|0.0|14|62|1|81100.0|1815.29|30|314.35|6117.87|7038.18
803|66|9947.03|0.02|0.0|49|25|3|500.0|598.55|42|8804.35065|24121.367|19624.9
804|33|2783.65|5122.53|0.0|6|0|1|35800.0|909.56|29|15232.36|3346.08|4244.98
805|13|399.16|0.27|0.0|10|0|1|1100.0|803.6|51|2.75|2155.0|1117.28
806|45|2343.26|0.05|0.0|0|42|1|4600.0|4599.87|33|1200.16|5999.15|2137.79
807|1|55.0|0.0|1.0|0|5|1|6350.0|1255.9|40|2836.29|3825.0|2832.65
808|4|211.74|0.0|0.0|2|7|2|26360.0|21410.48|31|487.85|1333.03|6016.0
809|14|2276.4|0.0|0.0|14|8|2|90000.0|601.2|61|40879.03304|9898.615|5954.1
810|41|5233.66|0.0|0.0|30|10|3|14200.0|620.85|35|18050.56|6628.0|4210.72
811|34|3071.74|0.57|0.0|0|18|2|26900.0|3481.37|40|1420.52|10827.35|7256.2
812|36|7153.02|0.0|0.0|36|42|3|37200.0|39130.54|32|1473.08024|9855.003|16190.1
813|46|2838.03|0.0|0.659|46|0|1|96000.0|62942.87|54|3188.2|8949.82|2936.15
814|56|6047.21|7.57|0.0|7|37|1|7518.0|8047.28|31|3336.95|7792.68|10066.38
815|55|3213.63|0.0|0.0|2|39|1|4000.0|14572.23|44|2769.07|6811.48|7889.05
816|31|6337.48|0.0|0.0|21|9|3|27300.0|28940.91|71|2845.19888|11594.366|480.0
817|32|1232.03|2.77|0.0|0|5|1|36000.0|8523.6|33|6182.1|6817.98|3632.55
818|32|8592.0|227178.73|0.0|32|0|3|125090.0|20317.95|62|309073.18854|330.35|114112.64
819|22|611.9|7334.07|0.0|0|18|3|4000.0|947.0|25|4787.03|1328.65|2121.64
820|25|1658.85|0.58|0.0|25|0|1|36193.29|10086.4|28|4319.31|4986.3|4339.22
821|13|2454.5|0.0|0.0|5|12|1|2000.0|891.25|27|4118.21|5231.08|1586.88
822|13|1368.11|1704.4|0.0|0|9|1|10700.0|7120.2|47|2100.2|1938.11|3000.0
823|28|1383.27|0.04|0.0|15|2|2|16700.0|42150.9|28|1422.01|6079.86|5305.42
824|4|441.67|0.03|0.0|0|8|1|38101.0|26526.42|39|155.59|6944.41|6685.0
825|30|9274.22|2.2|0.0|18|17|2|64500.0|73312.65|35|312.0695|6686.88|6000.0
826|30|5921.88|2029.58|0.0|1|13|2|15000.0|1024.81|71|18990.6066|17630.85|3892.91
827|5|270.3|0.03|0.0|1|0|1|11800.0|3525.04|33|9.72|3472.45|3128.29
828|51|1586.49|0.36|0.0|3|3|1|3918.0|14638.34|50|213.67|2914.27|2088.47
829|1|64.0|0.0|0.7307|0|6|1|23552.0|99077.29|37|3802.55|1281.15|1999.33
830|20|2346.12|29.85|0.0|5|22|2|14400.0|1743.84|24|3700.19|3342.82|1450.0
831|6|467.73|0.0|0.2758|0|12|1|8406.0|78649.58|65|17.6|3439.83|1809.66
832|207|10116.53|0.0|0.0|149|58|3|100000.01|123680.55|41|149.54425|222632.69|11893.22
833|19|1647.6|0.07|0.0|0|8|3|2750.0|15247.31|45|4915.85|10568.05|5234.69
834|28|1959.94|16272.7866|0.0|0|11|3|65200.0|5812.22|67|28214.2198|10975.79|12864.14
835|19|1111.56|1.24|0.0|0|35|2|28100.0|63178.68|27|1891.92|1752.07|1913.88
836|41|3772.5|0.02|0.0|0|85|3|4000.0|3678.39|42|1224.58|9352.01|2194.87
837|35|2413.31|17200.16|0.0|19|4|1|47600.0|3029.71|27|21632.96|7476.71|3101.29
838|16|1814.7|0.0|0.0|3|22|1|5000.0|60690.09|31|1735.96|4387.9|5188.32
839|22|630.9|0.8|0.0|0|13|1|4430.14|42169.83|34|1430.63|1327.87|2614.6
840|48|5028.33|0.23|0.0|20|102|2|16800.0|16183.11|44|1472.31|15389.53|3879.81
841|75|2427.92|1.08|0.0|24|34|2|6000.01|18975.12|42|1226.42|4930.31|4635.84
842|20|1659.75|18586.57592|0.0|0|12|3|11400.0|54.4|59|40967.39064|4540.4|6449.54
843|38|2091.63|4622.64|0.0|29|0|3|34800.0|3879.65|33|5672.18|6694.03|5484.78
844|53|4930.1|1003.28|0.0231|3|60|4|104460.32|52291.24|49|15302.15|19790.45|3436.08
845|4|448.99|4793.87|0.0|2|23|2|30000.0|11736.02|29|2629.43|8882.46|6589.77
846|19|2003.99|0.0|0.0|6|9|2|62600.0|32643.36|66|3400.97087|7072.9365|6149.02
847|60|4957.87|0.91|0.0|6|34|3|1000.0|9352.77|36|1955.4|11591.06|8165.24
848|21|1187.55|0.85|0.0|4|34|1|11055.0|4817.74|45|1624.97|1770.46|2523.71
849|12|1533.1|2002.24|1.0|0|0|2|4000.0|399.0|41|11075.55|2196.46|1356.98
850|29|4954.81|0.0|0.4577|11|21|2|40000.0|8837.92|50|997.3|16430.68|8508.22
851|33|4208.83|107.08|0.0|11|61|2|15000.0|1729.01|90|1650.00368|11942.098|10704.33
852|20|1068.88|0.0|0.0|16|22|1|54500.0|18994.23|35|134.98|2447.28|4800.06
853|22|866.72|0.0|0.0|6|14|2|4100.0|2223.54|31|1562.93|5493.45|2007.62
854|12|398.74|38876.0526|0.0|0|27|2|42319.0|3814.83|45|321988.5082|10978.61|11303.29
855|1|30.0|0.0|0.1586|0|10|4|1983.0|5951.35|49|808.17|873.458|1669.18
856|30|919.02|0.64|0.0|0|4|1|9600.0|8618.35|25|4442.1|3026.22|3237.77
857|19|516.4|0.52|0.0|1|0|1|13900.0|25884.41|29|4171.92|9382.45|4196.8
858|2|112.3|0.01|0.0|2|71|1|1000.0|2400.01|24|0.0|1903.22|1947.09
859|1|50.0|142.61|0.0|1|14|2|73000.0|180330.52|44|101095.12392|120.86|6726.73
860|3|644.85|0.0|0.7543|1|2|1|16500.0|67377.2|41|4.94|8576.65|3567.13
861|15|755.83|0.34|0.0|15|21|2|25000.0|316.6|36|56310.3806|65338.633|6314.0
862|3|98.21|0.0|1.0|3|27|1|14071.2|2376.2|31|48.95|0.0|1748.95
863|1|160.0|0.04|0.0|1|0|4|1906.0|2358.33|37|13.48|852.16|1762.96
864|53|9880.64|0.0|0.0|5|35|1|27864.0|33376.57|28|5748.93|19710.89|5463.4
865|39|9940.81|0.24|0.0|27|0|3|29600.0|300364.7|31|2294.91202|35201.047|2563.08
866|22|6169.24|29021.54|0.0|19|0|2|31500.01|1791.5|47|45344.0049|6103.9424|7751.82
867|24|1572.7|0.0|0.0|2|6|2|6292.0|6115.26|43|0.61|3284.3083|1622.72
868|19|1652.74|0.27|0.0|0|15|1|36427.67|125479.0|43|2749.86|4178.84|4673.06
869|47|43775.51|0.0|0.0|32|57|3|99900.0|771311.1|38|2026.0672|50079.44|16632.93
870|16|1807.7|0.0|0.8117|16|0|3|41100.0|383769.12|34|2382.64485|3598.4302|3952.75
871|17|1735.7|1.01|0.0|0|20|3|4700.0|137.64|28|600.77|7014.06|6231.97
872|14|3643.32|0.73|0.0|12|16|2|98200.0|322173.38|47|7554.29|28468.76|22202.59
873|27|1743.82|0.0|0.0|2|70|1|6000.0|1424.64|38|2211.45|3235.21|3503.51
874|4|1208.05|2.09|0.0|2|0|2|7850.0|15679.64|38|2789.95|6738.71|2736.99
875|103|5001.32|0.0|0.0|90|7|2|68800.01|63471.08|31|1177.99734|3139.96|5508.96
876|21|1639.5|601.34|0.0|0|61|1|18800.0|95.49|39|1576.99|3349.1|2076.99
877|1|200.0|0.5|0.0|1|10|3|697.0|8829.82|47|15.0|2164.96|1683.83
878|19|386.5|1.55|0.0|3|3|1|16200.0|8587.75|40|436.66|5409.47|5877.27
879|103|21577.69|0.0|0.0|49|38|2|75000.0|54525.26|36|36978.68526|24472.92|6293.46
880|41|4972.24|14.86856|0.0|39|8|4|16000.0|99724.3|55|25418.80884|14725.172|5153.18
881|64|9048.41|0.0|0.0|38|22|2|70000.0|440032.44|44|13765.69264|25806.96|28524.73
882|59|5895.22|33185.79265|0.0|1|0|1|15000.0|157100.62|53|3851.16|7433.7|3906.4
883|5|436.9|5108.77|0.0|5|0|2|10000.0|1052.62|28|80060.8|1600.0|5753.34
884|94|7021.79|10295.71|0.0|47|6|4|35300.0|441.18|33|44557.06872|9378.586|9826.35
885|18|1921.87|2.02|0.0|6|19|2|11300.0|30071.69|39|1586.05|7843.72|5042.6
886|21|1574.14|0.09|0.0|8|49|3|8000.0|103974.96|32|11.7|9057.69|5157.58
887|8|8431.15|0.0|0.9889|6|0|2|37600.0|1369822.0|54|16880.776|6330.0356|9399.86
888|3|3085.0|5.93|0.0|2|0|2|3000.0|3000.0|29|1.59|15602.15|1345.67
889|7|431.6|0.0|0.0875|1|0|1|119505.81|350405.6|42|110.44|41523.51|7760.2
890|5|703.0|5.58|0.0|0|19|3|2000.0|848.28|52|1296.2|2738.7|995.58
891|16|1022.85|0.1|0.0|0|6|1|2322.23|15715.92|34|1460.69|3247.85|3224.2
892|84|29956.01|0.0|0.0|49|227|2|58000.0|6139.75|54|9925.42|55385.254|3912.26
893|1|4876.52|0.0|0.0|1|21|3|5200.0|4982.75|33|1.24|2610.0|2556.54
894|9|1000.5|0.0|0.0066|0|7|2|10430.75|226653.05|31|4533.77|8449.11|14354.61
895|1|5.0|6.64|0.0|0|43|2|64500.0|14571.86|49|3701.66|7214.08|6857.11
896|5|543.68|1.11|0.0|5|0|1|3100.0|2706.36|33|3.54|4090.0|2285.29
897|1|179.89|0.0|0.0|1|49|1|7200.0|1966.47|22|3.0|1506.53|1409.4
898|54|3314.4|0.02|0.0|0|15|1|8400.0|60150.31|33|569.79|6958.97|4087.96
899|9|1367.88|0.36|0.0|1|0|2|12628.03|12653.06|29|1000.0|2851.85|699.53
900|47|2218.94|0.23|0.0|33|6|1|24100.0|468794.12|32|21.65|3357.59|1041.0
901|36|4091.87|0.0|0.0|36|32|1|22400.01|17679.53|30|2084.63|8707.72|6007.63
902|19|1329.03|0.03|0.0|7|19|1|2000.0|4714.16|32|0.0|3274.98|149.9
903|40|3897.21|5.03|0.0|8|20|2|1000.0|756.45|35|2113.42|18947.04|16843.15
904|23|2444.24|0.25|0.0|23|0|3|34600.0|4566.96|34|9074.73242|4206.464|5311.9
905|71|7164.38|0.21|0.0|65|53|1|137500.0|954730.0|36|168242.13|9972.71|68817.15
906|1|37.6|27.25|0.0|0|6|2|1500.0|11676.5|39|3883.63|8022.01|6941.44
907|27|2638.3|0.0|0.0407|0|35|1|34600.0|9064.06|47|3542.04|5079.85|2987.25
908|29|4196.64|0.0|0.0|10|47|4|10500.01|8989.93|64|9939.67|15223.46|9761.45
909|4|424.94|65.52|0.0|0|3|1|5753.53|5935.71|42|1185.63|548.22|1498.22
910|22|7833.19|0.0|0.0|1|36|1|29500.0|658056.9|35|9769.93|10351.91|10809.51
911|118|4825.62|574.25|0.0|4|26|5|47700.0|36086.98|42|21305.98|11565.39|21515.59
912|44|4743.32|0.04|0.0|0|65|2|15600.0|70403.59|35|2396.98|10833.72|2209.7
913|19|2850.84|1.16|0.0|12|12|3|7000.0|99108.34|34|515.88272|13876.11|6812.79
914|26|1593.42|0.0|0.7506|26|0|2|84700.0|47347.72|66|7461.22|10649.33|14582.39
915|7|907.32|21944.25|0.0|0|18|3|49501.63|975038.56|43|40278.33944|3233.17|27373.19
916|63|2911.64|20187.75|0.0|0|25|3|89200.0|965.9|40|61558.86|11314.26|57625.54
917|56|2046.21|0.0|0.0|10|3|2|5700.0|781.67|32|1656.20264|5817.6562|3767.05
918|85|6328.04|589.79|0.7996|85|15|2|25000.0|408008.22|46|10833.66616|24897.0|12674.04
919|19|949.76|0.0|0.0|7|75|1|58400.0|27381.07|55|3715.45|5252.35|4312.13
920|21|2848.5|0.12|0.0|0|13|2|22600.0|4670.76|30|4100.23|9984.22|4367.4
921|91|9970.11|8.09|0.5264|81|33|2|90000.0|45637.06|38|10483.77|8249.03|7889.79
922|34|1708.71|0.96|0.0|0|47|1|14200.0|6898.9|37|6652.36|3746.11|2833.9
923|58|4096.15|0.0|0.0|55|12|2|60000.0|8125.65|67|19402.813|9955.168|7412.62
924|4|112.04|0.0|0.0|2|10|2|11000.0|3511.56|28|992.21|2449.2|1851.36
925|34|852.1|0.03|0.0|5|4|2|5104.0|3529.33|30|1.17|904.9|1061.86
926|44|7075.41|4.59528|0.0|0|19|3|87300.0|694.02|44|97881.89584|13640.88|22282.54
927|24|2721.01|12876.01|0.0|0|13|1|9200.0|457.15|56|45064.73|4631.81|3588.81
928|18|2072.6|1445.08376|0.0|1|17|2|3300.0|1832.32|40|206.38|7276.08|1895.75
929|7|2600.88|0.0|0.0|3|57|1|2100.0|32364.63|32|1040.4|4566.04|3048.25
930|22|2908.85|0.14|0.0|0|7|1|5500.0|4213.41|28|26.06|3658.9|1524.5
931|4|816.0|0.0|0.9054|4|0|1|6000.0|19248.97|35|1569.26|4570.0|2758.57
932|9|524.5|2.2|0.0|0|77|3|15050.0|285809.3|50|3885.79|7713.05|9529.04
933|8|398.9|0.26|0.0|0|9|2|682.51|82475.63|42|89.68|4847.7|3699.98
934|24|2447.6|2.22|0.0|0|40|2|4800.0|3156.85|33|98.0532|27345.97|5243.6
935|3|102.23|292.97391|0.0|3|6|2|90000.0|5604.91|57|182391.98855|410941.0|22017.2
936|28|1011.5|373.0|0.0|0|8|1|1600.0|146.0|30|439.14|1106.4|1109.06
937|37|2267.65|1081.05|0.0|8|0|2|29000.0|1248.3|39|1888.49|6250.95|2520.38
938|3|342.6|0.76|0.0|3|29|2|8305.0|12984.54|31|92.02|2929.23|4702.81
939|15|1820.47|0.75|0.0|0|36|4|9070.0|3103.68|37|7058.43|5883.86|2064.18
940|14|823.1|0.22|0.9059|0|0|2|6000.0|2426697.5|49|19.41|6788.14|2631.19
941|20|832.9|0.0|0.0|1|68|2|2600.0|2070.2|38|3528.1|2021.64|1235.06
942|56|14431.68|7583.8|0.6043|1|0|3|139951.58|2482036.8|61|14816.4584|112474.29|10900.0
943|14|1601.16|0.8|0.0|0|3|2|2300.0|23848.91|32|28.36|2831.16|1234.88
944|17|1106.2|0.0|0.8742|0|7|1|13000.0|78060.52|44|801.87|8950.67|3219.64
945|29|1850.57|1259.54686|0.0|3|9|2|33000.0|130919.01|55|6802.07|12896.46|12297.13
946|37|3943.96|63.55|0.0|27|13|2|8800.0|3705.28|35|1959.62|8812.94|4928.36
947|12|3422.49|158.51|0.3777|8|4|1|50000.0|929133.9|43|3.04|6702.15|5716.4
948|35|7427.62|252.92|0.0|12|10|3|8000.0|5477.95|23|1088.86|2834.9|1306.13
949|14|996.44|0.0|0.0|2|42|2|45600.01|1878.6|32|1765.69|2738.5|1765.4
950|64|8564.59|0.0|0.0|63|47|2|6000.0|42.8|34|1824.77848|11302.669|714.1
951|41|2224.24|10.5963|0.0|0|4|1|13200.0|49138.69|60|7401.52|6959.16|4474.0
952|14|844.84|0.0|0.9968|10|30|1|40100.0|104991.66|46|6084.73|3040.18|1693.39
953|17|893.8|0.04|0.0|0|24|2|6001.29|13674.76|32|1355.94|1126.7|1933.41
954|47|5379.01|0.17|0.0|42|30|2|54000.0|1847914.6|33|122790.0961|10383.098|18251.47
955|35|7506.58|1.0|0.0|11|31|2|1700.01|1402.49|24|390.04|10002.25|5085.23
956|52|1900.58|1.19|0.0|1|0|4|49600.0|6107.75|32|20673.0826|4156.65|9764.28
957|2|40.9|1.08|0.0|0|6|2|2200.0|13744.52|25|37.52|2187.8|1524.84
958|33|2691.6|0.01|0.0|1|21|1|2793.0|1559.48|28|30.1|3393.04|1392.7
959|16|1761.98|947.92|0.0|16|46|1|6000.0|2020.42|34|2386.47|2469.3|4134.24
960|40|5100.37|0.0|0.0|28|14|2|32000.0|111014.53|38|15325.55222|12385.66|7109.93
961|31|4427.54|17.06|0.0|15|0|2|21499.01|1626.56|38|765.43|8006.39|4667.7
962|64|4831.28|1.52|0.0|38|215|1|6500.83|6500.83|31|609.85|7383.85|6292.52
963|62|4250.75|0.0|0.0|35|59|3|12000.0|5170.78|39|3733.71288|5909.039|5526.4
964|38|2914.65|0.55|0.0|0|105|3|1000.01|151.5|44|27392.59043|35320.47|5323.21
965|43|13044.8|0.33|0.0|24|63|2|79127.0|96576.29|41|6286.9334|90693.12|3503.87
966|8|61.9|0.0|0.0|1|5|3|4000.0|20650.52|54|290.0|2405.0|2493.27
967|6|885.77|0.0|0.5004|0|35|1|954.8|60066.86|55|2174.06|8315.78|2089.01
968|5|907.28|636.49|0.0|0|9|1|16800.0|1268.82|46|1216.45|3106.28|1741.04
969|53|1377.22|0.03|0.0|0|7|2|16000.0|86.08|57|10210.99|3249.77|1826.96
970|4|219.04|0.0|0.1427|0|15|3|104853.8|506163.75|55|59.76|10049.94|12000.0
971|15|830.01|0.43|0.0|1|10|3|0.0|5110.25|30|149.15|6445.19|1390.81
972|31|2319.17|17065.24665|0.0|19|11|3|33000.0|14314.06|53|15325.84695|2935.8213|3132.18
973|15|772.3|0.0|0.0|7|17|1|15400.0|48351.62|31|1288.9|4982.59|2599.68
974|3|1106.05|0.03|0.0|3|47|1|30000.0|7539.56|52|12.36|4147.5|3527.7
975|75|2939.21|0.05|0.0|70|25|2|24800.01|5545.24|25|6000.0|2021.65|3085.94
976|6|559.99|0.49|0.0|0|24|3|19000.0|43882.78|33|2584.72|9226.06|5753.24
977|18|1146.67|0.07|0.0|0|40|1|21200.0|26169.26|25|1636.98|3898.18|3943.2
978|11|1232.79|0.09|0.0|1|10|1|17300.0|55197.03|33|8070.2|6199.34|8704.08
979|15|2544.05|0.17|0.0|6|14|2|5995.0|15416.49|28|0.12|3471.89|3829.75
980|1|600.0|0.1919|0.9338|1|9|1|600.0|78771.03|68|19.16|1390.57|2449.84
981|6|535.51|0.73|0.0|0|80|3|18000.0|190900.05|35|1368.49|1157.31|2030.9
982|13|956.4|0.04|0.0|0|21|1|6059.0|5741.63|49|1751.17|3813.5|3887.93
983|7|2244.55|0.0|0.0|3|83|3|3100.0|134097.44|44|1460.68|4507.54|1213.78
984|1|400.0|0.0|1.0|0|10|1|81442.32|75681.89|40|2431.68|2840.0|3883.58
985|33|1276.4|1.01|0.0|4|40|1|14400.0|7407.83|26|790.75|1377.7|2502.64
986|54|4233.41|0.79|0.0|15|22|1|2000.0|1488.51|37|1117.33|4111.7|3413.58
987|22|1363.12|3763.66|0.0|11|75|3|12700.0|465994.0|30|5527.68|8115.8|5573.66
988|2|315.4|5.26|0.0|2|0|4|124040.0|158728.89|32|3343.86161|38105.27|8132.95
989|11|2793.23|0.72|0.0|9|2|1|93500.0|526236.7|49|12449.36|6358.33|43120.89
990|3|914.0|0.05|0.0|1|0|3|2800.0|2462.05|55|662.75|474.0|1179.87
991|10|347.18|0.0|0.4215|0|43|5|541.2|181.1|29|1164.01|2443.08|1627.3
992|20|1488.13|10596.3228|0.0|0|38|2|22300.0|14477.59|49|53656.91|4643.51|4438.46
993|55|2555.55|359.62|0.0|47|0|3|30000.0|7263.52|58|27228.78145|17625.707|9525.37
994|5|534.57|1.1|0.0|3|25|2|3000.0|1576.44|50|323.7|2280.0|1094.67
995|7|629.0|0.43|0.3991|0|0|1|12100.0|31761.19|43|178.09|2845.0|1792.53
996|37|5230.71|0.0|0.0|16|3|2|105957.82|283303.22|44|824.09|11336.29|1210.58
997|29|3817.28|0.97|0.0|17|30|1|49366.02|79758.22|48|446.93|7499.37|2574.27
998|7|474.6|0.0|1.0|0|19|2|1.0|13089.05|36|4522.37|4830.35|3186.36
999|34|7878.15|0.0|0.7769|33|0|2|37446.0|482984.12|68|1528.21975|11362.757|122.45
